AAPL-growth,AAPL-score,BAC-growth,BAC-score,CSCO-growth,CSCO-score,FB-growth,FB-score,HD-growth,HD-score,INTC-growth,INTC-score,JNJ-growth,JNJ-score,KO-growth,KO-score,MA-growth,MA-score,MSFT-growth,MSFT-score,NFLX-growth,NFLX-score,NVDA-growth,NVDA-score,PEP-growth,PEP-score,PFE-growth,PFE-score,UNH-growth,UNH-score,V-growth,V-score,VZ-growth,VZ-score
0.009656992084432783,0.26168,0.011335458731845565,0.7906,-0.02269005847953214,-0.7652,0.011662518908895653,0.43076000000000003,0.015278487480838064,0.4050863636363636,0.011231603408210656,0.9922,-0.002297575661543274,0.29264444444444443,0.004490345756623324,0.7552333333333333,0.025448207171314664,-0.9332,0.03718642400393508,0.39590000000000003,-0.04844332251472527,0.38165000000000004,-0.004034674230016456,0.5722063333333334,0.03262164391093194,0.683567365967366,0.0069761202039173055,-0.26905,0.026057985959623976,0.05457333333333333,0.03319994071439151,0.030449999999999977,0.002080577525035626,0.26358641666666655
-0.0004177109440267988,0.5831571428571428,0.04690757470465594,0.47015,-0.0009512485136741772,0.28795450477626944,0.011759036144578303,-0.008785714285714301,0.016621472331023412,0.4050863636363636,-0.004602109300095915,-0.9951,-0.0011904761904762357,-0.03705,0.012295998211491266,0.7552333333333333,0.005301040754790406,0.5777018939393941,0.008254269449715279,0.1593,-0.09506742192591108,0.9120166666666667,0.010838033843674447,0.5722063333333334,0.03065031982942433,0.683567365967366,-0.004002134471718212,-0.765,-0.021642340005420386,0.05457333333333333,0.011260938172428788,0.9894,-0.01440809968847356,0.26358641666666655
0.00157331655129003,0.6936285714285715,0.030524220305242142,0.35712956903594756,0.01550572519083966,0.28795450477626944,-0.1694842815082155,0.5048529411764706,-0.02627679541637865,0.4050863636363636,-0.07900328375507057,0.9828,0.046123260437375836,-0.27746,0.020538869257950523,0.7552333333333333,-0.018190614417029467,0.5777018939393941,0.012982126058325586,0.9853,-0.010970346651816783,0.955525,0.008806340565207018,0.9701,-0.010734072022160621,0.683567365967366,0.02865559721478289,0.5705885805547638,0.01202008619667072,0.05457333333333333,0.0003554670837481258,0.9922,0.026040639179325316,0.9538
0.08384575299635229,0.748125,0.011881824020552377,0.35712956903594756,0.008714083843617462,0.28795450477626944,0.01414717626925265,0.5840625,-0.00452857070167412,0.4050863636363636,0.0419903422212891,0.48186810279667425,0.0012900288359385908,0.4043261042199593,0.011279826464208156,0.7552333333333333,-0.008622813500862282,0.5777018939393941,0.007929844201884584,0.9987,-0.02511863154604618,0.9460857142857143,-0.0019399026089710958,0.5722063333333334,0.022148004921778836,0.683567365967366,0.05683003128258602,0.5705885805547638,0.005118987143917904,0.05457333333333333,-0.0022122314993220744,0.6075228174603174,0.0,0.26358641666666655
-0.002259615384615379,0.3274166666666667,-0.008267090620031734,0.8910499999999999,0.024572899602153156,0.28795450477626944,0.007207911940548651,-0.37002499999999994,0.003476127185359405,0.4050863636363636,0.0016403526758252674,-0.128,-0.006760862959586649,-0.9843333333333334,-0.01115879828326187,0.7552333333333333,0.008208955223880625,0.5777018939393941,0.008139104698483125,0.7656,0.008749671887304225,0.9865333333333333,0.01271910648276954,0.5722063333333334,-0.037356076759061795,0.9881666666666666,0.014122893954410314,0.5705885805547638,0.01504873294346984,0.05457333333333333,0.0005728607232365491,0.8915,0.006522156148091239,0.9906
0.039510773493860826,-0.36345,-0.010939510939510936,0.35712956903594756,0.04060798548094372,0.993,-0.03498056635202656,0.45098000000000005,-0.003769740193581299,0.4050863636363636,-0.03720359771054784,-0.9367,0.028687270501835987,0.9317666666666666,0.011943539630836142,0.7552333333333333,0.002763385146804847,0.5777018939393941,-0.015195898938117874,0.7371016229712316,-0.06799258583659423,0.00030000000000002247,-0.040448381280865385,0.5722063333333334,0.019058594096267985,0.683567365967366,0.02783882783882785,0.5705885805547638,0.005095785440612966,0.05457333333333333,0.005692734647406329,0.6075228174603174,0.03886992794842618,0.26358641666666655
-0.008895002292526355,0.18652000000000002,0.006516780710329074,0.9306,0.007175472928897549,0.28795450477626944,0.0035049413927833468,-0.14742,0.027879901960784353,0.4050863636363636,0.012964930924548342,0.48186810279667425,0.007559475283480188,0.4043261042199593,-0.02249357326478143,0.7552333333333333,0.029144345603774546,0.5777018939393941,0.008278299693051813,0.9698,0.14041444190185612,0.9911,0.11941771527263763,0.5722063333333334,-0.024697799808678922,0.9782,0.004739336492890894,0.9991,0.004866920152091151,0.05457333333333333,0.0187932739861523,0.9955,-0.002730748225013628,0.26358641666666655
0.04826157034308077,0.95765,-0.0032226877215598263,0.35712956903594756,0.027311827956989315,0.28795450477626944,-0.0014773566679926093,-0.11083333333333334,-0.0101562885174777,0.4050863636363636,0.008958333333333327,0.9595,-0.005977859778597803,-0.7086,-0.03213897937024966,0.7552333333333333,0.0255971072414121,0.29600000000000004,0.028004026722796765,0.7371016229712316,0.0014435516818739741,0.9873666666666666,0.02655255650647352,0.5722063333333334,-0.005063066263989991,0.683567365967366,-0.023518344308560677,0.5705885805547638,0.013056603773584828,0.05457333333333333,0.013104352024277378,0.6075228174603174,-0.011094943615860303,0.26358641666666655
-0.031128234315485247,0.9441,-0.0016175994823681885,-0.3572,-0.016513377926421536,-0.9077,-0.06028818443804039,0.4572875,0.0276047635656983,0.4050863636363636,-0.03989251756924348,0.48186810279667425,0.019526319697082156,0.50596,0.02511210762331833,0.7552333333333333,-0.021281528189910994,0.5777018939393941,-0.023815967523680655,0.9859,-0.04854421917210145,0.7353061300639658,-0.029591290380153363,0.5722063333333334,0.008227508495796832,0.683567365967366,0.01735776277724219,0.5705885805547638,0.0010447761194028833,0.05457333333333333,-0.02538623834479016,0.6075228174603174,0.008403361344537869,0.9528
0.013079882326318239,0.57672,-0.016515544041450714,-0.0516,0.0021141649048626093,0.28795450477626944,-0.007277842333802201,0.7552333333333333,0.00451640801422187,0.4417,-0.021907216494845425,0.9969,0.014251436050316353,0.495025,0.0017425397516882032,0.7552333333333333,0.024922411360857762,0.2732,0.0416207276736494,0.9893,0.03488801203622228,0.95605,0.013417897862668275,0.5722063333333334,0.014612114771519585,0.683567365967366,0.013685700802265178,0.5705885805547638,-0.005510158182772212,0.05457333333333333,0.02574065080135994,0.2732,0.004234167893961651,0.26358641666666655
-0.02021156875984699,0.5885,0.022742254449571564,0.8607,0.02816006775354659,0.28795450477626944,0.006237648221343994,-0.0557,0.015831260761430904,0.4050863636363636,0.0302495032015897,0.48186810279667425,0.02547907844685267,-0.00830000000000003,0.012608695652173875,0.7552333333333333,0.008773923716870514,0.5777018939393941,0.0050136335649574055,0.0498,-0.00831914776783271,0.9544,-0.04339143064633257,0.5722063333333334,0.0027050610820244527,0.683567365967366,0.02417480241748022,0.5705885805547638,0.0006378986866792342,0.05457333333333333,0.01501724954339443,0.9923,-0.006753057127212948,0.26358641666666655
0.04114011622544053,0.3036333333333333,-0.04906391220142026,0.35712956903594756,0.009126737191454008,0.28795450477626944,0.021300378811401646,0.38267999999999996,-0.02065998487140698,0.4050863636363636,0.021161736126106605,0.9259999999999999,-0.02765657987332869,0.979,-0.006453000645300156,0.7552333333333333,0.009981398303162366,0.5777018939393941,0.01185525966557554,0.9734499999999999,0.04214484679665737,0.7353061300639658,0.07177726926010676,0.5722063333333334,-0.020157756354075348,0.683567365967366,0.002958579881656863,0.5705885805547638,-0.003632822740721211,0.05457333333333333,0.006234915526950971,0.6075228174603174,-0.01693979009390539,0.26358641666666655
-0.016056152665058113,0.8442,0.018530997304582235,0.9872,-0.017755102040816276,0.28795450477626944,-0.034962890265595216,-0.9119999999999999,-0.058219835027815144,0.4050863636363636,0.00512930113272071,0.48186810279667425,0.006075509908867376,0.8540222222222222,-0.006281134936105678,0.7552333333333333,-0.05150329122931868,0.5777018939393941,-0.022832244008714638,0.7371016229712316,-0.06518557935346547,0.7353061300639658,-0.0503237612612613,0.5722063333333334,-0.05046812304948739,0.683567365967366,0.019986372927549293,0.21513333333333332,0.007296538821328301,0.05457333333333333,-0.03664921465968569,0.6075228174603174,0.0248088043275508,0.26358641666666655
-0.0004500247513612993,0.8422499999999999,-0.05291181364392678,0.9180333333333334,-0.04611853088480803,0.28795450477626944,-0.011572585830011464,0.1914875,-0.01921116999592341,0.4050863636363636,-0.04429301533219758,0.48186810279667425,-0.036213102951763866,0.4043261042199593,-0.028484453141987436,0.7552333333333333,-0.03533301842229566,0.5777018939393941,-0.018717535375246314,0.9917,-0.016281360449620502,0.7353061300639658,-0.07489681050656663,0.5722063333333334,-0.010154193305754027,0.683567365967366,-0.02167597765363126,0.99045,-0.034332688588007594,0.05457333333333333,-0.03413557685676842,0.6075228174603174,-0.023090909090909148,0.9951
-0.008364984626514714,0.83545,-0.0059670059670059025,0.9922,-0.003954305799648499,0.28795450477626944,0.004761283589877499,0.6415833333333334,-0.06503431066749854,0.4050863636363636,-0.014116065426842987,0.48186810279667425,0.038616671646250496,0.4043261042199593,0.03785842293906805,0.7552333333333333,-0.0032397408207343243,0.5777018939393941,-0.002295473326599945,0.923625,-0.01469063768030086,0.9781166666666667,-0.06841463414634151,0.5722063333333334,0.048384030418250984,0.683567365967366,0.019473081328751467,0.5705885805547638,0.01987467804559265,0.05457333333333333,0.0012866333095068393,0.6075228174603174,0.018930957683741572,0.26358641666666655
-0.015878793393693892,0.38832500000000003,-0.06814971751412428,0.35712956903594756,-0.03320952589032124,0.28795450477626944,-0.0606745929180666,0.26625,-0.047505806879769956,0.4050863636363636,0.026741573033707815,0.9719500000000001,-0.01183175817040628,0.4043261042199593,-0.009704550355833421,0.7552333333333333,-0.030581189868446837,0.5777018939393941,-0.021587998536406874,0.9648,-0.09987991594115891,0.9834499999999999,-0.14264095468695956,0.5722063333333334,0.0032700517758197786,0.683567365967366,-0.04140414041404132,0.5705885805547638,-0.032127460168697254,0.05457333333333333,-0.02291267645598347,0.6075228174603174,0.007806826434277409,0.2158
-0.05342397007162739,0.92599,0.04496065942300484,-0.5994,0.01314323902873683,0.28795450477626944,0.01245791245791242,0.9637375,0.035627949810060996,0.4050863636363636,0.013118279569892461,0.48186810279667425,0.026936272720636523,-0.99,0.040086673889490824,0.7552333333333333,-0.013127027701522314,0.5777018939393941,-0.018037184349273913,0.7371016229712316,0.012579440476970556,0.9971,0.053581057894994746,0.5722063333333334,-0.0010782639949681423,0.683567365967366,-0.0004656577415600262,0.9752,0.004966887417218403,0.05457333333333333,0.001217677816775213,0.6075228174603174,0.014692707400107512,0.26358641666666655
0.0008321096426822687,0.44475000000000003,0.02039355992844366,0.7443,0.029951902055093953,0.28795450477626944,-0.03424383744170544,0.12685,0.027455529775715384,0.9186,0.016265314744402112,0.48186810279667425,0.030780141843971657,0.9736,0.034999999999999996,0.7552333333333333,0.0374369323915238,0.5777018939393941,0.03008367020776524,0.7371016229712316,-0.02452587592414013,0.997,-0.04067353887774616,0.5722063333333334,0.051839914047810964,0.683567365967366,0.03385477469063747,0.5705885805547638,0.05493038336830073,0.05457333333333333,0.029542203147353327,0.6075228174603174,0.03450716687311985,0.26358641666666655
-0.027487437185929643,-0.3202833333333333,-0.02219873150105705,-0.3999,-0.016758591429783604,0.9871,-0.03426079734219262,-0.4859222222222222,-0.0443232737677481,0.985,0.023475162439740044,0.48186810279667425,0.006897027381198703,0.7425,0.011288046764765214,0.7552333333333333,-0.02727006157755846,0.5777018939393941,-0.010327179674648104,0.7371016229712316,-0.04596666666666673,0.95775,-0.18590949598970188,0.1274,0.01153846153846149,0.683567365967366,-0.01738934056007234,0.9897,-0.017717391304347775,0.05457333333333333,-0.022590991493515417,0.6075228174603174,0.023283480625424836,0.26358641666666655
-0.09321052631578952,0.2500777777777778,-0.029157667386609153,0.35712956903594756,-0.039050701186623564,0.28795450477626944,-0.042729452801395416,0.19478333333333334,-0.04447965593345036,0.4050863636363636,-0.04258383048755401,0.48186810279667425,-0.028682646998565983,0.9841,-0.025641025641025623,0.7552333333333333,-0.08259646302250803,0.5777018939393941,-0.04802807795326501,0.7371016229712316,-0.08798759646217283,0.7353061300639658,-0.10377650040175532,0.5722063333333334,-0.022611788617886194,0.308,-0.011004126547455225,0.5705885805547638,-0.03631943421246506,0.05457333333333333,-0.05410407916281052,0.6075228174603174,-0.026721991701244802,0.26358641666666655
0.02490817263544538,0.53764,0.044885945548197165,0.35712956903594756,0.06047851129818336,0.28795450477626944,0.05721804511278206,-0.11104,0.05945945945945949,0.4050863636363636,0.0431563359424582,0.48186810279667425,0.034507042253521164,0.4043261042199593,0.028361558865537657,0.7552333333333333,0.08346804612565999,0.5777018939393941,0.058211661418074184,0.9846400000000001,0.09817693341009397,0.95425,0.0903329108012544,0.5722063333333334,0.052295478080773235,0.683567365967366,0.06717451523545699,0.5705885805547638,0.06326052452573505,0.05457333333333333,0.05282317979197633,0.6075228174603174,0.028308321964529273,0.26358641666666655
-0.08657703567169032,0.6932,-0.12280096585029317,0.35712956903594756,-0.038907284768211974,0.28795450477626944,-0.03902097902097911,0.9147,-0.05728626766326587,0.4050863636363636,-0.07519999999999996,0.48186810279667425,-0.0009617366215565457,0.4043261042199593,-0.01564066573090022,0.7552333333333333,-0.046162807630697494,0.5777018939393941,-0.07238938053097352,0.9764333333333333,-0.09567174869538528,0.7353061300639658,-0.1447856315179605,0.5722063333333334,-0.03867861885790182,0.683567365967366,-0.05283588527064904,0.5705885805547638,-0.04883392226148407,0.05457333333333333,-0.05441379310344818,0.6075228174603174,-0.030588235294117652,0.26358641666666655
0.002909090909090847,-0.39314000000000004,-0.027799841143764863,0.35712956903594756,-0.010367170626349825,0.28795450477626944,0.03194842406876797,0.030483333333333307,-0.006344079820058795,0.4050863636363636,0.034140017286084665,0.48186810279667425,-0.0852190659605199,0.4043261042199593,-0.0022244691607684413,0.7552333333333333,0.0034934497816594234,0.5777018939393941,0.011736641221374085,0.9929,0.010030659752450802,0.8336,0.004458161865569117,0.5722063333333334,-0.02104810996563576,0.683567365967366,-0.007702763932940721,0.5705885805547638,-0.01329163408913211,0.05457333333333333,-0.008513761467889883,0.6075228174603174,-0.012456747404844272,0.25997499999999996
-0.0889694771834391,-0.91355,-0.03668590272052764,0.35712956903594756,-0.08664338716717589,0.28795450477626944,-0.12671232876712335,-0.42977777777777776,-0.06431111888519621,0.4050863636363636,-0.06310071040534886,0.00495000000000001,-0.001792394014962514,0.4043261042199593,-0.0358735306039725,0.7552333333333333,-0.09462532299741604,0.5777018939393941,-0.06811497960345311,0.9911,-0.07549435293234777,0.7353061300639658,-0.1078903883227762,0.9911,-0.0432805805718283,0.683567365967366,-0.03609195402298851,0.986275,-0.08695985289610793,0.05457333333333333,-0.07413754563743388,0.6075228174603174,-0.0375043813529618,0.26358641666666655
0.05453931825852166,0.93,0.07161687170474512,0.35712956903594756,0.025659472422062356,0.28795450477626944,0.08204711616571889,0.29896666666666666,0.06281218781218782,0.4050863636363636,0.047501680483979326,0.48186810279667425,-0.00023566378633150932,0.4043261042199593,-0.008819823603527817,0.7552333333333333,0.07513716430840306,0.5777018939393941,0.027743652743652678,0.7371016229712316,0.05818181818181812,0.9949,0.05660526523835885,0.5722063333333334,0.0020884409334423317,0.683567365967366,0.027505381487682338,0.5705885805547638,0.04232983406705045,0.05457333333333333,0.07257536041939712,0.6075228174603174,0.01079005120702274,0.26358641666666655
-0.06478269097331742,-0.22315,0.041107041107041026,0.35712956903594756,-0.0062514470942346845,0.28795450477626944,0.026031982149497958,0.23320000000000002,0.012538636496180124,0.4050863636363636,0.0027606710554256837,0.48186810279667425,-0.0027305351848963062,0.9855,0.0016845651716150408,0.7552333333333333,0.015193665739353754,0.5777018939393941,0.006318491460163891,0.7371016229712316,0.14379612546125448,0.33746666666666664,0.005834564254061979,0.5722063333333334,-0.0009043226623258665,0.683567365967366,-0.004859986114325407,0.5705885805547638,-0.03402402644521486,0.05457333333333333,0.014960510328068034,0.6075228174603174,0.014946875562758838,0.26358641666666655
0.024142568930733046,0.7120142857142857,0.018388106416275526,0.9442,0.014699020065329037,0.28795450477626944,0.04536202384414081,0.27863333333333334,0.0321003279065753,0.4050863636363636,0.03885350318471334,0.48186810279667425,0.016610514769254913,0.9917,-0.004834980029430247,0.7552333333333333,0.027645176519960186,0.9552,0.011412829594647744,0.7371016229712316,0.11747765640516368,0.5297333333333334,0.07458483754512645,0.5722063333333334,-0.016816653031542665,0.683567365967366,-0.004411423264453163,0.5705885805547638,0.030241264559068143,0.05457333333333333,0.026850130159910852,0.9742500000000001,0.022198731501057174,0.26358641666666655
0.03957573748757043,-0.2186,0.1369809856422197,0.8114833333333333,0.04526462395543182,0.28795450477626944,0.056619718309859096,0.7506,0.01120558590010704,0.4050863636363636,0.01506397028477088,0.48186810279667425,0.015146807519030515,-0.5184,0.007619047619047607,0.7552333333333333,0.039201563946908144,0.5777018939393941,0.05701668302257103,0.71345,0.014540449976065144,0.7235166666666667,0.0695883315158125,0.5722063333333334,0.02058414464534074,0.683567365967366,-0.00047003525264385483,0.5705885805547638,0.07668599699906727,0.05457333333333333,0.011022702387035482,0.6075228174603174,-0.012796126577900656,0.26358641666666655
0.008631161690428964,-0.09304285714285714,0.020703933747411935,0.35712956903594756,0.02785204991087344,0.28795450477626944,-0.0012734584450401992,0.308075,0.016395289875485924,0.4050863636363636,-0.03921568627450984,0.5267,0.00023400936037442385,0.4043261042199593,-0.006918238993710805,0.7552333333333333,0.015766554882626786,0.09710000000000002,0.003934426229508212,0.020299999999999985,0.009435934187345174,0.9975,0.028514546271915724,0.5722063333333334,-0.004642271982523258,0.683567365967366,-0.04173543975477473,0.5705885805547638,0.015110202226766678,0.05457333333333333,0.005583756345177533,0.9485,-0.014502883103267488,0.26358641666666655
0.06887476731497541,0.34180666666666665,-0.03206002728512965,0.35712956903594756,0.03520664771484817,0.9682,0.11928402566700436,0.4977923076923077,0.030172654634855037,0.4050863636363636,0.056362453934532715,0.9353,0.04999608794304034,0.4043261042199593,0.03134265141889039,0.7552333333333333,0.0649098336156222,0.51515,-0.032749858836815395,0.7371016229712316,0.015386913654018626,0.9947,0.05990479677773693,-0.45468000000000003,0.029643906020558042,0.683567365967366,0.058765432098765495,0.9274,0.006819033345822593,0.05457333333333333,0.01919860373791008,0.0557,-0.027975766215253037,-0.0387
0.017920076458992892,0.6845923076923077,-0.006322444678609053,0.5236999999999999,-0.0006353240152478005,0.28795450477626944,0.009837054918527604,0.13574615384615385,0.0013022246337492168,0.4050863636363636,0.004524886877828177,0.48186810279667425,-0.011645267243953435,-0.987,0.01642710472279255,0.7552333333333333,0.010403545602985856,0.6288,0.027218819869738477,0.9912,0.014506713368359516,0.8702000000000001,0.0192611955699249,0.6705,0.00721860796720437,0.683567365967366,-0.014239028944911448,0.5705885805547638,-0.023890276173083466,0.05457333333333333,0.004220616639244606,0.6288,-0.011904761904761878,-0.6743
-0.0036831335866707037,-0.26645,0.02717007762879321,0.4622,0.0441487114490916,0.28795450477626944,-0.032162001191185265,0.09960000000000002,0.039945945945945874,0.4050863636363636,0.05385556915544662,0.9742,0.03076109137631315,0.7661,-0.08735122049626787,0.7552333333333333,0.023595557398958498,0.5777018939393941,0.019020715630885084,0.7371016229712316,0.019628571428571443,0.927,0.07480019126989561,0.9742,0.024301873453517146,0.9948,0.002838221381267678,0.5705885805547638,0.03813607994792656,0.05457333333333333,0.025838878663457496,0.6075228174603174,0.019028265287271272,0.26358641666666655
0.01920923929055442,0.9873,0.005184929139301714,0.9047,0.018495934959349522,0.28795450477626944,0.008660436137071566,0.48333333333333334,0.0035470241510613862,0.4050863636363636,0.022200584225900693,0.9782,0.003378874687821419,0.4043261042199593,-0.0008826125330979512,0.7552333333333333,0.008535428803685076,0.5777018939393941,0.029501809073197816,0.9716,0.020292299044406888,0.9959,0.014530622649926717,0.5722063333333334,-0.0003424657534245894,0.683567365967366,0.017045454545454516,0.9763,-0.014972157687059786,0.05457333333333333,0.0100401606425704,0.9946,0.033781329458772234,0.26358641666666655
0.004650895728066159,0.9807333333333333,0.006524725274725196,0.5003,0.02125546285260217,0.28795450477626944,-0.004844545287299884,0.18533333333333332,-0.039325551232166085,0.8834,0.004523181304183846,0.48186810279667425,0.014668133480014669,0.4043261042199593,-0.0013204225352111613,0.7552333333333333,0.01,0.5777018939393941,0.006889763779527523,0.7371016229712316,-0.02640255033922781,0.9995,-0.03758612204724418,0.5722063333333334,-0.008449261756422249,0.683567365967366,0.007434944237918222,0.8091,-0.08008819792211667,0.05457333333333333,0.017425634742359284,0.6075228174603174,-0.0007017543859648974,-0.7808
-0.015823325175024196,0.5984,-0.023184452778724846,0.35712956903594756,-0.011229428848015456,0.28795450477626944,0.034777303233679,0.47113333333333335,-0.026691729323308266,0.4050863636363636,-0.023627906976744245,0.48186810279667425,-0.005689593086064041,0.9954,-0.015154842960685212,0.7552333333333333,-0.023932075139677083,0.5777018939393941,-0.022208458679879587,0.95865,-0.028132992327365738,0.9062,-0.04658227848101274,0.5722063333333334,-0.011325611325611268,0.683567365967366,-0.058701657458563476,0.5705885805547638,-0.04364823472513305,-0.9907,-0.018124875058306116,-0.4125,-0.010848643919510017,0.26358641666666655
0.06057325203715309,0.13776666666666665,0.020905923344947785,-0.8743,0.040281579976535045,0.28795450477626944,-0.03275058275058278,-0.32745,0.0012637362637362075,0.4050863636363636,0.02742057488653547,0.48186810279667425,-0.0036927087104483333,0.006400000000000017,0.0035445281346919936,0.7552333333333333,0.03691576208845425,0.5777018939393941,0.044328317866474475,0.976,0.02687499999999994,0.9521999999999999,0.12019262484332739,0.9933,0.0031222896790980004,0.683567365967366,0.016545012165450113,0.5705885805547638,0.050959408051502855,0.05457333333333333,0.04962527850921608,0.6075228174603174,0.028717406624383414,0.26358641666666655
0.028256189451022602,0.64375,-0.08066712049012925,0.9359999999999999,-0.009949314811338485,0.28795450477626944,0.0047074646940148575,0.16570000000000001,0.03407659014956445,0.4050863636363636,-0.021315692760014767,0.6862,-0.005375953505267047,0.51225,0.01100594320933304,0.7552333333333333,-0.006586594343277804,0.5777018939393941,0.007575105448911039,0.7371016229712316,-0.004027919551963021,0.45539999999999997,0.03752630348375022,0.5722063333333334,0.03916673840061976,0.683567365967366,0.0019152501795546633,0.5705885805547638,-0.022045436555054195,0.05457333333333333,-0.018278604412519207,0.6075228174603174,0.025570619529775095,0.26358641666666655
-0.008145788731658934,0.3971153846153846,0.02526941657376439,0.35712956903594756,0.024478178368121425,0.28795450477626944,0.022638036809815937,-0.022818181818181814,0.0166357615894039,0.4050863636363636,0.01378138569001329,0.48186810279667425,0.021035716894310098,0.48256666666666664,0.021805494984736155,0.7552333333333333,0.021962758800295162,0.9762,0.01183939601921753,0.7371016229712316,-0.006796657381615593,0.7353061300639658,0.021039463209371025,0.9835,0.0190420755030766,0.683567365967366,0.01578569720162632,0.5705885805547638,-0.0006466736722981028,0.05457333333333333,0.025137831451824518,0.6075228174603174,-0.008385041086701324,0.26358641666666655
0.027969108745564672,0.9539,0.042293906810035836,0.6375,0.013399412628487593,0.28795450477626944,0.04701185723648922,0.5564181818181818,0.04699725374371725,0.4050863636363636,0.023187338976812622,0.9545,-0.027216229730695065,0.9814,-0.011066184294530818,0.7552333333333333,-0.007007973143097003,0.9994,0.007902480033627556,0.7371016229712316,0.018077994428969384,-0.9393,0.04196223944123103,0.5722063333333334,-0.00791255404192837,0.683567365967366,0.009628933771723901,0.5705885805547638,-0.0037243202114453037,0.05457333333333333,0.0007617596648257763,0.6075228174603174,-0.005051355447044909,0.26358641666666655
0.012473271560940928,0.7378666666666667,0.044305988231221914,0.3366,0.019746376811594135,0.28795450477626944,0.02220192911363499,-0.3332,0.012315637880518397,0.4050863636363636,0.020622286541244584,0.48186810279667425,-0.000514516721793617,-0.35402500000000003,0.004297378599054638,0.7552333333333333,0.013193619548617062,0.5777018939393941,0.009515065520407316,0.7787333333333333,-0.038262441455999635,0.9961666666666666,0.0015285684166139156,0.5722063333333334,0.004189944134078255,0.683567365967366,-0.031576503366612475,0.5705885805547638,-0.10597564883050307,0.05457333333333333,0.013265629958743096,0.9633,-0.004744154523890226,0.26358641666666655
0.026588780340416965,0.6317111111111111,-0.0023255813953488467,0.9856,0.0,0.28795450477626944,-0.0012324929971988731,0.2809333333333333,0.00734717868338558,0.4050863636363636,0.03595465816507264,0.9657,0.01117647058823537,-0.9737,0.012798634812286568,0.7552333333333333,0.0057197728790914166,0.853,0.02009260790474621,0.7371016229712316,0.02748709760200748,0.99255,-0.017923036373220756,0.5722063333333334,0.03797778503756947,0.9959,-0.059245102723363516,0.5705885805547638,-0.017805731496655933,0.05457333333333333,0.0020646937370955645,0.6075228174603174,-0.014768290612799143,0.26358641666666655
0.007247448602277763,0.9903,0.014032743067156756,0.35712956903594756,-0.00498575498575488,0.28795450477626944,0.0742776998597476,0.32909,-0.002449659497329871,0.4050863636363636,-0.09836629406706791,-0.07345000000000002,0.024894145130675987,0.6868,0.018143459915611802,0.7552333333333333,0.028690575479566285,0.5777018939393941,0.0592888598923502,0.7514,0.042118432026689,0.5609,-0.03916913946587532,0.5722063333333334,-0.0029186716100022903,0.683567365967366,0.024084037919549005,0.5705885805547638,0.05803571428571429,0.05457333333333333,0.023429648241206146,0.9823,-0.026831785345717275,0.26358641666666655
0.03595890410958901,0.01570000000000002,0.009201445941505132,0.35712956903594756,-0.01311298724627275,0.28795450477626944,0.023671118093741873,0.2355714285714286,-0.013526142344203433,0.4050863636363636,-0.008050603795284678,0.48186810279667425,0.01182757392233699,-0.9368,0.011417894955366352,0.7552333333333333,0.0043340894361632906,0.9709,-0.007698229407236335,0.7371016229712316,0.030373581674159617,0.9729,0.02578330811053189,0.5722063333333334,0.012129380053908364,0.683567365967366,0.035526644983737844,0.6625,-0.02295703454085938,-0.8047,-0.007168678389804644,0.9709,0.008634361233480211,0.26358641666666655
-0.03480346566155948,0.5110799361667663,-0.01760212553968785,0.35712956903594756,-0.00928332714444857,0.28795450477626944,-0.015164191591717243,-0.43943333333333334,-0.020931870785951476,0.4050863636363636,-0.08059701492537308,0.847,-0.00855614973262024,0.934,-0.0028967515001034672,0.2831,0.024597291813325595,0.5777018939393941,0.005854893583353073,0.7371016229712316,-0.04408377240594132,0.9974,-0.0380626780626781,0.5722063333333334,0.005577376276512127,0.683567365967366,-0.004644341236861348,0.5705885805547638,0.0544330981285884,0.05457333333333333,0.01580178244105935,0.6075228174603174,0.0014077071969030143,0.26358641666666655
0.0068723030206168665,-0.47905000000000003,-0.019337016574585714,0.35712956903594756,0.08720818059039173,0.94975,0.009809264305177173,-0.45007142857142857,0.008272251308900589,0.4050863636363636,-0.00970659607324063,-0.9873,0.0055132390279290485,0.20455,0.026925485284909338,0.7552333333333333,0.04571239286157932,0.5777018939393941,0.031907179115300895,0.9944,0.006131312271140163,0.7353061300639658,-0.04262996941896024,-0.031649999999999956,0.02747598803338053,0.683567365967366,0.030822769077802688,0.5705885805547638,0.020850074011418935,0.05457333333333333,0.043895922132451214,0.6075228174603174,0.02415373765867427,0.26358641666666655
-0.02479293809938977,0.8133,-0.007746478873239397,0.35712956903594756,-0.025627240143369173,0.28795450477626944,-0.004508467121178762,0.24901250000000003,0.012870820907235955,0.55005,0.012954545454545462,0.48186810279667425,0.0017314768054251543,0.6737428571428571,0.011623164763458408,0.7552333333333333,0.003952253582977287,0.5777018939393941,-0.0022130888397091457,0.9933,0.00899695356319212,0.7353061300639658,-0.048508685676827305,0.5722063333333334,-0.004152568440479791,0.683567365967366,0.013285024154589476,0.5705885805547638,0.03179166666666665,0.05457333333333333,-0.004346495255586213,0.6075228174603174,0.0028740490278952105,0.26358641666666655
-0.021517996870109517,0.8166500000000001,-0.05169340463458108,0.35712956903594756,-0.04950675922542932,0.28795450477626944,-0.022419301531342917,0.57245,-0.023304866755839083,0.4050863636363636,-0.013882669055082793,0.48186810279667425,-0.05647482014388485,0.499475,-0.00947580645161288,0.7552333333333333,-0.004630729042982615,0.5777018939393941,-0.025988344621200164,0.7371016229712316,-0.03134964304861879,0.9862,-0.07130124777183604,0.5722063333333334,-0.011583011583011582,0.683567365967366,-0.014946619217081743,0.9575,-0.026961770623742408,0.05457333333333333,-0.01266829865361073,-0.9336,-0.08208072960648538,0.26358641666666655
0.08285876993166294,0.39661428571428575,0.035351635953365976,-0.3284,0.07454370797310284,0.28795450477626944,-0.009428571428571461,0.2881,0.04105107640354581,0.4050863636363636,0.040225988700565,0.48186810279667425,0.05361216730038031,0.5421454545454546,0.04739625711960955,0.7552333333333333,0.05559968228752978,0.8793,0.06096083972547446,-0.7845,0.050384212364652466,0.7353061300639658,0.07056140092708413,0.5722063333333334,0.043876114500234625,0.683567365967366,0.030987268796540932,0.5705885805547638,0.02186425938962276,0.05457333333333333,0.05268045066237476,0.8793,0.04681784930504759,0.26358641666666655
0.004848548042333594,0.11750000000000005,0.006460875807609466,0.35712956903594756,-0.02475952974706093,0.28795450477626944,0.03765379113018605,0.33973333333333333,0.03631144238517329,0.4050863636363636,-0.0008652390222798864,0.48186810279667425,0.010750360750360816,0.49854642857142856,-0.0044625533566161595,0.7552333333333333,-0.033085501858735974,0.5777018939393941,0.00037764350453159325,0.7371016229712316,-0.06577753334249954,0.7353061300639658,-0.021115322144017356,0.5722063333333334,-0.0033788857185764907,0.683567365967366,-0.011100832562442275,0.5705885805547638,-0.006920835356969434,0.05457333333333333,-0.012686219739292404,0.6075228174603174,0.015861948753704093,0.26358641666666655
0.030482115085536523,0.492225,0.003927168868261314,0.35712956903594756,0.0370976541189307,0.28795450477626944,0.033133344143559784,0.644105,0.011545893719806697,0.4050863636363636,0.02860858257477244,0.48186810279667425,0.014928571428571452,0.5832357142857143,0.00585365853658531,0.7552333333333333,0.013295019157088228,0.5777018939393941,0.03272261177712436,0.7371016229712316,0.07738772651667683,0.9958,0.04973369302068201,0.5722063333333334,0.009342977697408146,0.683567365967366,0.022716627634660393,-0.9617,0.02552845528455285,0.05457333333333333,0.021858245448653793,0.6075228174603174,-0.006705639614855458,0.26358641666666655
-0.0031227964138209156,0.9391071428571429,0.032763532763532825,0.35712956903594756,-0.04401746724890835,0.28795450477626944,0.003014239684024595,0.9161333333333334,-0.0008647609896709432,0.4050863636363636,0.009915611814345969,0.48186810279667425,-0.02204746524364546,0.716695238095238,-0.0158484731349053,0.987,-0.004965205943201241,0.5777018939393941,-0.022189781021897753,0.7371016229712316,-0.007967159100116101,0.7353061300639658,0.07607128816668841,0.5722063333333334,-0.02614184923876725,0.683567365967366,-0.008468757152666456,0.9729,-0.02912505470894848,0.05457333333333333,-0.006013745704467256,0.6075228174603174,-0.014660227664711872,0.26358641666666655
0.005217305704582381,0.5110799361667663,-0.007462686567164141,0.35712956903594756,0.024249004705030826,0.28795450477626944,0.006095999180369846,-0.13846666666666665,0.008392942298521791,0.4050863636363636,-0.024548589977683118,0.48186810279667425,0.0026390870185449685,0.4090947368421053,0.020364205991775977,0.7552333333333333,0.0079632578984406,0.5777018939393941,0.0031471858303447767,0.7371016229712316,0.01887550200803216,0.7353061300639658,-0.07150721446369591,0.5722063333333334,0.007803621486476256,0.683567365967366,0.009423121121581331,0.5705885805547638,0.004228501727993578,0.05457333333333333,0.0075856955455426,0.6075228174603174,0.015499825844653441,0.26358641666666655
0.01239978088740605,0.5110799361667663,0.015167183729748283,-0.9564,0.030222222222222272,0.9596,0.04959270454429021,0.060588888888888866,0.034363446772205895,0.4050863636363636,0.0482990340193197,0.48186810279667425,-0.041535826434484675,0.3178,-0.0015325670498085324,0.7552333333333333,0.03495001851166234,0.5777018939393941,0.018328445747800584,0.7371016229712316,-0.01306221740395039,0.97265,0.06196540581638472,0.5722063333333334,0.0013523666416228913,0.9819,-0.031963470319634674,0.5705885805547638,0.07909581591656176,0.05457333333333333,0.02285876347135565,0.6075228174603174,-0.013285024154589426,0.26358641666666655
-0.007349698662354844,0.5110799361667663,-0.0033898305084746243,0.9949,-0.0110344827586207,0.28795450477626944,-0.028837209302325514,-0.16075714285714288,-0.026992464032884207,0.4050863636363636,0.005400000000000063,0.48186810279667425,-0.03752123495088252,0.28934117647058827,-0.01702371843917369,0.7552333333333333,-0.0173286743207586,0.5777018939393941,-0.020223752151462947,0.8973333333333333,-0.15509197189896493,-0.14996,-0.00011872254541143435,0.5722063333333334,-0.026272455089820294,0.8562,0.011828720132481665,0.5705885805547638,-0.03172866520787756,0.05457333333333333,-0.007310589277802355,0.6075228174603174,-0.012218537266538588,0.26358641666666655
0.02008347655290942,0.39265,0.05052919085011951,0.991,-0.016185172293769572,0.28795450477626944,-0.0008003601620729158,0.47092222222222224,0.018356807511737072,0.4050863636363636,0.03159368126374736,0.48186810279667425,0.005615384615384537,0.5401590909090909,0.05143633540372668,0.7552333333333333,0.01863421328229377,0.5777018939393941,0.028600538534313418,0.77905,0.07621794871794862,0.9896,0.0340815121086827,0.9169,0.005594298413671467,0.683567365967366,0.00607051132383855,0.7717,-0.020144107848454284,0.05457333333333333,0.022545090180360786,0.6075228174603174,0.009193776520509123,0.26358641666666655
-0.021299050177492073,0.4130714285714286,-0.043619791666666664,0.35712956903594756,-0.06068089610160518,0.28795450477626944,-0.05015075376884417,0.8212333333333334,-0.021403201254670358,0.4050863636363636,-0.05530758781292454,0.48186810279667425,0.0005343511450381158,0.25834705882352943,-0.0339671404836626,0.7552333333333333,-0.04828341339361407,0.5777018939393941,-0.03250883392226144,0.7371016229712316,-0.051044705041966884,0.7353061300639658,-0.07775489186405769,0.5722063333333334,-0.027224334600760444,0.683567365967366,-0.09888546359971548,0.971,-0.011034646416706186,0.05457333333333333,-0.03518407743759856,0.6075228174603174,-0.02627430373095113,0.26358641666666655
0.015152280418202938,0.7644666666666666,-0.007010164738871462,0.35712956903594756,0.0007635044855888365,0.28795450477626944,0.01710975147544532,-0.111975,0.0023385672696034413,0.4050863636363636,-0.03726968174204358,0.48186810279667425,0.008631884500802043,0.22375833333333334,0.019660240503912983,0.7552333333333333,0.057499999999999954,0.9584,0.033083270817704395,0.9816,-0.0065281708258296016,0.9836,0.0024707412223666804,0.5722063333333334,0.0019477989871445269,0.683567365967366,-0.03734110169491517,0.5705885805547638,0.002015072744126063,0.05457333333333333,0.0409278530318006,0.6075228174603174,0.008679927667269511,0.26358641666666655
0.034465484420398734,0.77712,-0.02874595759971244,-0.2709,-0.10158790893437922,0.802,-0.01685844260101689,0.5534,-0.021383950024026856,0.4050863636363636,0.016171328671328717,0.48186810279667425,-0.0010646387832698582,0.24378181818181818,0.021208708708708623,0.7552333333333333,0.005534176287337331,0.5777018939393941,-0.006857809878164425,0.7371016229712316,-0.008708177830157692,0.9972,0.049184639663335014,-0.0644,0.025768781627092275,0.683567365967366,-0.04571743321399074,0.5705885805547638,-0.004457230844037418,0.05457333333333333,0.004452209197475158,0.6075228174603174,0.014324082363473538,0.26358641666666655
-0.037888139777798965,0.7864,-0.042329956584659975,0.35712956903594756,-0.026931106471816266,0.28795450477626944,-0.04440621471963868,0.1387909090909091,0.05068122523915359,-0.8885,-0.052675937631689845,0.48186810279667425,-0.03599999999999997,0.6042285714285714,-0.012858192505510575,0.7552333333333333,-0.018447653429602938,0.5777018939393941,-0.032354007979688126,0.7371016229712316,-0.0483591836734694,0.95265,-0.01023641238118454,0.5722063333333334,-0.013629136064208246,0.683567365967366,-0.015481651376146764,0.5705885805547638,-0.0680027475857611,0.05457333333333333,-0.02876621217159959,0.6075228174603174,-0.018430753027909377,0.26358641666666655
0.013990090352666839,0.24342857142857144,0.03033707865168548,0.35712956903594756,-0.005100956429330391,0.28795450477626944,0.03494983277591963,0.02493333333333332,0.04325734688272447,0.4050863636363636,0.03470100392841546,0.48186810279667425,0.0073771778370743364,0.0016424242424242458,0.019259259259259243,0.7552333333333333,0.023610302677532048,0.5777018939393941,0.02126083413586195,0.9059,-0.005046741633924973,-0.9853,0.01147273715355339,0.5722063333333334,0.045176578504815754,0.683567365967366,0.026863084922010394,0.5705885805547638,0.006365043867194176,0.05457333333333333,0.024998582846777376,0.6075228174603174,0.03838600249955363,0.26358641666666655
0.033086276219541653,0.9633,0.019110621095185576,0.35712956903594756,0.04739438129959255,0.28795450477626944,0.018967391304347877,0.3736666666666667,0.02066681386619566,0.4050863636363636,0.08064516129032268,0.48186810279667425,0.0017188842878350893,0.12126470588235294,0.004547108039287014,0.7552333333333333,0.040680024286581615,0.5777018939393941,0.018227069760632313,0.7371016229712316,-0.0022350594869678057,0.9866,0.08549033904484137,0.5722063333333334,0.007480748074807556,0.683567365967366,0.024992979500140428,0.5705885805547638,-0.011823595408647662,0.05457333333333333,0.028916463549745173,0.6075228174603174,0.020034542314335126,0.26358641666666655
0.018199590392850476,0.9236272727272727,0.07750000000000005,0.35712956903594756,0.02164590565652445,0.28795450477626944,-0.002876471528258627,0.43365,0.010712742980561511,0.4050863636363636,0.02898550724637675,0.48186810279667425,0.02171875000000001,0.43243611111111113,-0.013992367799382212,0.7552333333333333,-0.058502845071382384,0.5777018939393941,-0.016261909878931228,0.7371016229712316,-0.002238730029510617,0.9934,0.011339633129516354,0.5722063333333334,0.00029325513196475105,0.683567365967366,0.008745558895873003,0.5705885805547638,0.020131004366812286,0.05457333333333333,-0.05162636421998704,0.6075228174603174,0.007900487476886852,0.26358641666666655
0.0,0.06580000000000001,-0.003032345013477084,0.9987,-0.004016064257028027,0.9719,0.016048788316482106,0.37174285714285715,-0.034632406651484565,0.4050863636363636,-0.022736030828516374,0.48186810279667425,0.01183613865190986,0.4647391304347826,-0.0035120147874307733,0.7552333333333333,-0.008410428931875566,0.5777018939393941,0.026577339321210224,0.9862,-0.07980151582095645,0.966075,-0.034820031298904486,0.5722063333333334,-0.012317618593738387,0.683567365967366,0.006308283049917632,0.5705885805547638,0.00030066145520141386,0.05457333333333333,-0.01197706760515403,0.6075228174603174,0.0060070081762055635,0.26358641666666655
-0.0005937428636674833,0.9874333333333334,0.001364721937905244,0.35712956903594756,-0.0165122835279902,0.28795450477626944,-0.06464561107003279,0.9816,0.025428265524625345,0.4050863636363636,-0.0009836710603973473,0.48186810279667425,-0.018470462524805494,0.3200186046511628,0.00741977369690235,0.7552333333333333,-0.004328523862375197,0.5777018939393941,-0.010773540185304893,0.7371016229712316,-0.019638531768213296,0.872,-0.005442964678633456,0.5722063333333334,0.004742145820983894,0.683567365967366,-0.004398020890599332,0.5705885805547638,-0.06315010662836758,0.05457333333333333,0.0063620589936379075,0.6075228174603174,0.002827207716613913,0.26358641666666655
0.02765957446808504,0.9355,-0.037978975924041966,0.35712956903594756,-0.029213483146067407,0.28795450477626944,0.014504975543936493,-0.008723076923076915,-0.009817976454233419,0.4050863636363636,-0.0052744676694666155,0.48186810279667425,0.035562098086309786,0.42133055555555554,0.007202216066482005,0.7552333333333333,0.011328831322188985,0.5777018939393941,0.0005070626584570313,0.9896,0.03329545454545462,0.7353061300639658,0.053067129629629554,0.5722063333333334,0.030939957374880638,0.683567365967366,-0.009647188533627381,0.5705885805547638,0.028833551769331705,0.05457333333333333,0.01039214560486882,0.6075228174603174,-0.009753678293932937,0.26358641666666655
0.043929818358598126,0.2614,0.02047299682315573,0.92165,-0.019170002106593566,0.28795450477626944,0.023277777777777765,0.08912000000000002,0.0314271900136258,0.4050863636363636,0.027416173570019735,0.48186810279667425,-0.013224134044631384,0.06995,-0.01895821829560098,0.7552333333333333,0.016954774980649526,0.5777018939393941,0.018521219192066653,0.7371016229712316,0.04022206698775689,0.7353061300639658,0.0076389641347924826,0.5722063333333334,-0.011845789360327416,0.683567365967366,0.008096035734226665,0.5705885805547638,0.01378680666514486,0.05457333333333333,0.01374098248024737,0.6075228174603174,0.00016688918558074116,0.26358641666666655
0.0064282673478075385,-0.2873,0.05601948503827429,0.9516,0.003437164339420058,0.28795450477626944,0.008957654723127068,0.17615833333333333,0.01583980872683805,0.4050863636363636,-0.010404624277456632,0.48186810279667425,-0.027862362971985462,0.7936021739130434,0.024116657319125052,0.7552333333333333,-0.024967574578469546,0.5777018939393941,-0.016321855537261086,0.7371016229712316,-0.030394815623569174,0.9698,0.026125834949364487,0.5722063333333334,-0.011535113174695324,0.683567365967366,0.00829646017699127,0.5705885805547638,0.10698010197175477,0.05457333333333333,-0.009414815650016842,0.6075228174603174,0.01868846988152841,0.7506
0.038144156281576296,0.5110799361667663,0.03423540919465266,0.35712956903594756,-0.005091217649554561,0.28795450477626944,0.00454448246364411,0.3851625,-0.01628473096617139,0.4050863636363636,0.09588509316770182,0.8225,-0.0024869822025335602,0.5089666666666667,-0.01285583103764927,0.7552333333333333,-0.00639870554922226,0.5777018939393941,0.01646803900325028,0.9353,0.014401407160394324,0.7353061300639658,0.06001243781094519,0.5722063333333334,0.002200381399442445,0.683567365967366,0.003274215552523999,0.5705885805547638,-0.0004489429434332448,0.05457333333333333,0.010511363636363603,0.6075228174603174,-0.01049008359285364,0.26358641666666655
0.033950367795651144,0.708025,-0.005317485142320868,0.9566,-0.002545068928950105,0.28795450477626944,0.03429487179487188,0.430325,0.010172377101511023,0.4050863636363636,0.0023057821922666806,0.48186810279667425,0.020059088788679708,0.591845,0.0029772981019723964,0.7552333333333333,0.021188611578716317,0.9505,-0.0047091412742382745,0.7371016229712316,0.031505124977521996,0.9861,-0.017983519146873524,0.5722063333333334,0.002782863419992643,0.683567365967366,0.04150841020075966,0.5705885805547638,0.02833727472885924,0.05457333333333333,0.011177555468619012,0.6075228174603174,-0.0013234077750207676,0.26358641666666655
0.010919830567753478,0.9415,0.031637717121587965,-0.9274,0.027999999999999962,0.28795450477626944,-0.01906964790542281,-0.05162500000000003,-0.022789272673857417,0.4050863636363636,0.02353767784999128,0.48186810279667425,0.009104704097116757,0.22277142857142856,-0.032431430689399555,0.7552333333333333,-0.020488882554161918,0.5777018939393941,0.007802250914865673,0.9941,0.012395833333333309,0.97035,0.00937575904785041,0.5722063333333334,-0.026827485380117075,0.683567365967366,-0.0428829759752003,0.5705885805547638,0.013168789181090691,0.05457333333333333,-0.01708040421792626,0.6075228174603174,-0.0055294906166219555,0.26358641666666655
0.028881145954316605,0.9622714285714286,-0.00302755071147446,-0.9802,-0.0608206623620078,-0.8742,0.027220554941294096,0.6120857142857142,0.029457700650759186,0.4050863636363636,-0.00017250301880279473,-0.9943,0.02018598321614869,0.5840473684210526,0.006497229122874134,0.7552333333333333,0.028196865387432213,0.5777018939393941,0.03185633686528138,0.9883500000000001,0.02030017983123512,0.7353061300639658,-0.01713598074608906,0.5722063333333334,0.00586333909644442,0.683567365967366,0.010024383635871163,0.5705885805547638,0.05626347774946076,0.05457333333333333,0.007114845938375408,0.6075228174603174,0.003541315345699846,0.26358641666666655
-0.015124153498871477,0.54535,0.00973828362751066,0.9821,-0.0028901734104045235,0.28795450477626944,0.02189555921052627,0.3239666666666667,-0.08559805401778224,0.8228,-0.001559792027729695,0.48186810279667425,0.02868424973923405,0.7784774193548387,0.006643887623386511,0.7552333333333333,0.009178571428571404,0.5777018939393941,-0.003198507363230424,0.9929,0.04891891891891898,0.7353061300639658,0.034332237971455196,0.5722063333333334,0.0005223880597014416,0.683567365967366,0.02514041187483278,0.5705885805547638,0.029144981412639312,0.05457333333333333,-0.0005568858940802713,0.6075228174603174,0.004877228388832814,0.26358641666666655
0.01728141296486628,0.5110799361667663,-0.00030003000300024037,0.35712956903594756,0.006888888888888939,0.28795450477626944,0.010625501202886809,-0.87035,0.011513761467889867,0.4050863636363636,0.0008620689655171924,0.48186810279667425,0.003137312126076221,0.6680277777777778,0.002252252252252204,0.7552333333333333,0.028978873239436685,0.5777018939393941,0.00919999999999997,-0.6424,0.018877699705339642,0.7353061300639658,0.003240140714682545,0.5722063333333334,0.00868854893806636,0.683567365967366,0.001039501039501202,-0.1531,0.007523939808481647,0.05457333333333333,0.02278270509977819,0.6075228174603174,0.0068527494567943124,0.26358641666666655
0.012870879634826199,0.82525,0.006576980568011924,0.35712956903594756,-0.031160220994475064,-0.9777,-0.005343096027309079,0.6649,-0.02996831145314624,0.4050863636363636,-0.02971818958155414,0.48186810279667425,0.019314551263433028,0.6599884615384616,0.020630157539384873,0.7552333333333333,-0.000653842183144629,0.5777018939393941,-0.0003952308807061608,0.9843500000000001,-0.022392569738223112,0.7353061300639658,-0.01981890418553091,0.5722063333333334,0.005195755579948832,0.683567365967366,-0.012889920082495489,0.5705885805547638,-0.005642699978706704,0.05457333333333333,-0.011235345201910668,0.6075228174603174,0.016445182724252407,0.26358641666666655
0.01907407407407399,0.9360999999999999,0.028059701492537246,0.9881,0.032125768967874155,0.28795450477626944,-0.032594069274856675,-0.96255,-0.0009799804003918968,0.4050863636363636,0.02210824195259993,0.9972,0.007051784315122225,0.7224146341463414,0.0022099447513812993,0.7552333333333333,0.023859746187627432,0.5777018939393941,0.02290328986562526,0.9625,-0.02879453391898494,-0.6999,0.060307692307692354,0.5722063333333334,0.005760116660590536,0.683567365967366,0.0060367454068240645,0.5705885805547638,0.0167752965060371,0.05457333333333333,0.017811984606926776,0.8403,-0.0027877992784518632,0.26358641666666655
0.00880866425992779,0.22524,0.00028612303290409183,0.35712956903594756,0.03602620087336257,0.28795450477626944,0.0564858913299534,0.4390142857142857,0.031525439537378123,0.4050863636363636,0.012712592338086274,0.48186810279667425,0.03055104776688078,0.753768,0.00511976595355643,0.7552333333333333,0.0015430545771694326,0.5777018939393941,0.014828186448326883,0.3380666666666667,0.11982715639022752,0.8718,0.0596281540504648,0.5722063333333334,0.007082876962395027,0.683567365967366,0.01369509043927633,0.5705885805547638,0.016043337847692286,0.05457333333333333,0.008962593248537473,0.6075228174603174,0.022064877325868655,0.26358641666666655
0.03304459416105243,0.98605,0.008847031963470385,0.35712956903594756,0.004626708727655225,0.28795450477626944,0.006773101112723782,0.09469999999999999,-0.00914414414414415,0.4050863636363636,0.01727057229935652,0.48186810279667425,6.861534239049612e-05,0.91222,0.00636363636363639,0.7552333333333333,0.00669478476266988,0.5777018939393941,0.005312420946116895,0.987,-0.02566911416390341,0.7353061300639658,-0.015175453184766362,0.5722063333333334,-0.0010894037330234998,0.683567365967366,-0.0025367833587012028,0.5705885805547638,0.008656238285110657,0.05457333333333333,0.006590486314110979,0.6075228174603174,-0.007740686985969955,0.26358641666666655
0.027534028881365396,0.9751333333333333,-0.018836097835254476,0.35712956903594756,-0.0025130890052355486,0.28795450477626944,0.0038968536514960733,0.2675440590677035,-0.006534464763806315,0.4050863636363636,0.0018336389398232943,0.48186810279667425,-0.010289477294553437,0.6618727272727273,-0.008880028996013084,0.7552333333333333,-0.0013296546222118049,0.5777018939393941,-0.002327190389332691,-0.9802,-0.009663303755925633,0.7353061300639658,0.0003389974151446421,0.5722063333333334,-0.007827359180687587,0.683567365967366,-0.009414758269720037,0.9779,-0.021989528795811487,0.05457333333333333,0.001531878928741176,0.6075228174603174,-0.020275750202757504,0.26358641666666655
0.05629871677048219,-0.0011750000000000094,0.009590235396687168,0.9975,-0.00021213406873139606,0.28795450477626944,0.054958877600387104,0.7584,0.035706037230357014,0.4050863636363636,-0.01090787044806185,0.48186810279667425,0.007361111111111127,0.33317142857142856,0.016102470265324843,0.7552333333333333,0.0464420231369384,0.5777018939393941,0.027119938884644708,0.993,0.018352314929438,0.7353061300639658,0.05165289256198347,0.5722063333333334,-0.005691056910569181,0.683567365967366,0.017259144770736777,0.5705885805547638,0.02475694444444443,0.05457333333333333,0.03069148936170218,0.6075228174603174,-0.018632507070370945,0.26358641666666655
0.0227506096778335,0.25145,-0.0037313432835821628,0.9922,0.03614457831325303,0.28795450477626944,0.011566484517304153,-0.33008000000000004,0.033006681514476596,0.4050863636363636,0.007267196214297781,0.48186810279667425,0.02536431124553202,0.8395111111111111,0.025391680172879464,0.7552333333333333,0.03319925940113655,0.5777018939393941,0.0330118694362018,0.67055,0.0237191078963231,0.5954,0.006541225874182365,0.5722063333333334,0.04909023393984393,0.683567365967366,0.02246340232205958,0.5705885805547638,0.013928049733328882,0.05457333333333333,0.05276692038675165,0.90835,0.01880718400542188,0.26358641666666655
0.0035310066521643322,0.914875,-0.025566531086577644,0.35712956903594756,-0.0022467320261437794,0.28795450477626944,-0.01899531868923298,0.16634,0.0020299745173411603,0.4050863636363636,0.1447918408292927,0.9882500000000001,-0.0017498990442860365,0.8647111111111111,0.014599824098504808,0.7552333333333333,0.003908067367637452,0.5777018939393941,-0.00983921286297105,0.7371016229712316,0.03870588235294125,0.14373333333333335,0.01077438360033892,0.5722063333333334,0.016428419031363158,0.683567365967366,-0.013868251609707831,0.5705885805547638,-0.013742463538684309,0.05457333333333333,0.004261989908391733,0.6075228174603174,0.0013289036544850215,0.26358641666666655
-0.00177385022253761,0.7238875,0.007982806263432545,-0.9769,-0.04009187721862605,0.28795450477626944,-0.05251055842327545,0.93968,-0.0004382120946537876,0.4050863636363636,-0.04181654676258992,0.48186810279667425,0.009151301518438138,0.6913888888888888,0.020800559342772203,0.7552333333333333,0.002665820374484211,0.5777018939393941,0.05634502016754567,0.7293999999999999,-0.002485908368261349,0.7353061300639658,-0.007597380792478183,0.5722063333333334,0.002612072008471617,0.683567365967366,-0.05506216696269969,0.5705885805547638,-0.05399305555555559,0.05457333333333333,-0.005150000000000005,0.6075228174603174,-0.00668449197860972,0.26358641666666655
0.05169240880709813,0.7395666666666667,0.04878787878787877,0.3706,0.03383620689655173,0.28795450477626944,0.04369838773102642,0.7653800000000001,0.0303951367781155,0.4050863636363636,0.024201054917778506,0.48186810279667425,0.01653058492838977,0.6576714285714286,0.007489361702127621,0.7552333333333333,0.025721455457967342,0.8869,0.07897670597899419,0.7371016229712316,0.05624352033175893,0.7353061300639658,0.06741620704285115,0.9936,0.018211108776353534,0.683567365967366,0.015750133475707324,0.5705885805547638,0.051212154254352604,0.05457333333333333,0.014004201260378171,0.6075228174603174,0.005535983895319549,-0.8653
0.034279712266853335,0.89015,0.011904761904762013,0.35712956903594756,-0.021254428005834613,-0.11493333333333335,0.01257564296520422,0.5128,0.035629754860524124,0.4050863636363636,0.026082977425259207,0.48186810279667425,-0.010218881856540159,0.70924375,0.010620364126770103,0.7552333333333333,0.04707941772618385,0.8909999999999999,0.009641573156117125,0.9381,0.04219178082191775,0.9988,0.14768316831683176,0.9839,0.007263756595628056,0.9906,-0.044490970950013156,0.5705885805547638,0.04384585822590208,0.05457333333333333,0.041194236767836775,0.6075228174603174,-0.023694310028366455,0.26358641666666655
-0.007324961948249626,-0.20032857142857144,-0.011791774518262976,0.35712956903594756,-0.011106364801367005,0.28795450477626944,-0.015780847576679954,0.42275,0.0020421499754942002,0.4050863636363636,-0.0348034803480347,0.48186810279667425,-0.0035887552336013296,0.3263571428571429,0.005350275873599737,0.7552333333333333,-0.005620279843100567,0.5777018939393941,-0.03782123807984489,0.9888,0.002030055365146274,0.7353061300639658,0.02951267329505674,0.5722063333333334,-0.008565019373258237,0.683567365967366,-0.022708618331053306,0.5705885805547638,0.0058731271064837685,0.05457333333333333,-0.005666666666666656,0.6075228174603174,-0.009530292716133343,0.26358641666666655
-0.08040099576128634,0.9915,-0.1410488245931284,0.35712956903594756,-0.11266666666666668,0.28795450477626944,-0.04623389494549064,0.46,-0.08654813820865476,0.4050863636363636,-0.09884758967700043,0.48186810279667425,-0.08204778156996594,0.50919375,-0.09507697513111145,0.7552333333333333,-0.0858555636042959,0.9623333333333333,-0.03433271741074101,0.3521,0.01170632744818506,0.6124,-0.0004441319071764482,0.5722063333333334,-0.09481694775812431,0.683567365967366,-0.046232876712328695,0.5705885805547638,-0.11129701279235937,0.05457333333333333,-0.08150992975895698,0.6075228174603174,-0.06893587760013761,0.26358641666666655
0.02391242737707241,0.5110799361667663,-0.09312169312169313,-0.9353,-0.011706102117060994,0.28795450477626944,-0.06669071793021697,0.3704666666666667,0.038776252386580605,0.4050863636363636,-0.0003584871840830977,0.48186810279667425,0.05379136370381362,0.15966363636363637,0.024661598368255114,0.7552333333333333,-0.039747064137308025,0.5777018939393941,-0.022624160667836242,0.7371016229712316,-0.011095923454209178,0.7353061300639658,-0.03921993499458273,0.5722063333333334,0.03984848484848478,0.683567365967366,0.032733706871129656,0.5705885805547638,0.10309318411440131,0.05457333333333333,-0.010519536281665841,0.6997,0.03100072516316173,0.26358641666666655
0.05391469194312806,0.9485,0.0868196131354026,-0.9832,0.020054200542005476,0.28795450477626944,0.004009433962264192,0.32893333333333336,-0.03834104830036946,0.9875,0.048343605546995336,0.48186810279667425,-0.014963691043790951,0.4328142857142857,-0.06878001921229585,0.7552333333333333,0.018905660377358455,0.5777018939393941,0.05185430463576167,0.9951,-0.02198569185133485,0.7353061300639658,0.003918299291371395,0.5722063333333334,-0.02097096328161011,0.9824,-0.022414823670053794,0.5705885805547638,0.028662179535657722,0.05457333333333333,0.026984405116523592,0.6075228174603174,-0.003678499172337608,0.26358641666666655
-0.05253151477578004,0.0682,-0.009068010075566737,-0.9555,0.0713210953957269,0.28795450477626944,-0.017003676470588258,0.29453333333333337,-0.16387316590646805,0.4050863636363636,-0.03536097663649757,0.48186810279667425,-0.029780691106255506,0.51642,-0.09327651515151526,0.7552333333333333,-0.09838372638492056,0.5777018939393941,-0.018928571428571468,0.7371016229712316,0.08544499885855913,0.9766,-0.031354456004896177,0.5722063333333334,-0.09381811840613821,-0.9555,-0.031062124248496983,0.5705885805547638,-0.15304198097736957,0.05457333333333333,-0.028516607119227037,0.6075228174603174,0.017681728880157142,-0.9555
0.08619782532444754,0.9672,0.12149532710280372,0.5648,0.0932131793860885,0.28795450477626944,0.0476413203260724,0.9516333333333333,0.26982540317206455,0.4050863636363636,0.1379834854411124,0.48186810279667425,0.052649572649572624,0.9053,0.10448916408668742,0.7552333333333333,0.21827036599763874,0.5777018939393941,0.0926209765710532,0.9874,0.026531374859869554,0.7353061300639658,0.22857420640707782,0.5722063333333334,0.1364150943396226,0.683567365967366,0.07440890125173842,0.5705885805547638,0.20000989902989505,0.05457333333333333,0.14314016840019803,0.6075228174603174,0.04267931238885603,0.26358641666666655
-0.037209858817899066,0.75215,-0.07482678983833707,0.6281599999999999,-0.009885931558935374,0.743,-0.03141098127905516,0.7562083333333334,-0.06228682373930842,0.743,0.02151349311190792,0.743,0.044449634127354656,0.5392818181818182,0.018355018587360574,0.7552333333333333,-0.035875533862111016,0.743,0.009118341642613584,0.743,-0.003415977961432532,0.332975,-0.04483865914786974,0.5722063333333334,0.02450456376942689,0.743,0.08341384863123993,0.743,-0.05419551599076813,0.743,-0.05706656731246894,0.743,0.02262105066367547,0.743
0.06811478676763652,0.299004255319149,0.1821207798383261,0.42771764705882354,0.018289668808699998,0.4037538461538462,0.09391195753980638,0.3878196078431373,0.07196808510638299,-0.4474,0.009005827300017623,0.44474285714285716,0.03080067148383329,0.516575,0.07953293677021368,0.9956,0.06904761904761895,-0.44589999999999996,0.030064870259480996,0.28320869565217394,0.015059416242264935,0.39444,0.03020686412787956,0.03460000000000002,0.038628944504896616,0.29450909090909094,0.04333726415094336,0.4697818181818182,0.10054166666666665,0.9956,0.08542682164729401,0.16931428571428572,0.029944414559799078,0.75208125
0.05400469606052703,0.29542747252747253,-0.06053268765133172,0.34607499999999997,0.03508771929824556,0.1807470588235294,0.03207232106869363,0.27358227848101263,0.04474931404340234,-0.5402,0.06699664132932648,0.42749591836734696,0.08585714285714292,0.3211075471698113,-0.005997931747673198,0.7552333333333333,-0.030686055182699335,0.09675454545454544,0.08670520231213873,0.2974989010989011,0.1391020979774312,0.28592,0.12193436960276331,0.49472499999999997,0.04449844331384322,0.7282,0.02641824249165728,0.30685862068965514,0.10875372052201786,0.3296666666666666,-0.01579008475560199,0.003783333333333324,0.018644363129465068,0.65464
0.009158167516790973,0.5110799361667663,0.0038976058199687853,0.35712956903594756,0.002178764943808168,0.28795450477626944,0.006257822277847185,0.2899846153846154,0.003704347116215377,0.4050863636363636,0.005421267344576155,0.48186810279667425,0.004829825603033089,0.4043261042199593,0.002747578298894052,0.7552333333333333,0.006375121790426337,0.5777018939393941,0.008590675401545634,0.7371016229712316,0.07392008804377734,0.9912,0.007883509738894652,0.5722063333333334,0.004123208505265191,0.683567365967366,0.0017457484073679981,0.5705885805547638,0.0050165930245576335,0.05457333333333333,0.005882784786322387,0.6075228174603174,0.002080577525035626,0.26358641666666655
0.009158167516790973,0.5110799361667663,0.0038976058199687853,0.35712956903594756,0.002178764943808168,0.28795450477626944,0.052348920473038976,0.54603,0.003704347116215377,0.4050863636363636,0.005421267344576155,0.48186810279667425,0.004829825603033089,0.4043261042199593,0.002747578298894052,0.7552333333333333,0.006375121790426337,0.5777018939393941,0.008590675401545634,0.7371016229712316,0.02398293029871979,0.1506,0.007883509738894652,0.5722063333333334,0.004123208505265191,0.683567365967366,0.0017457484073679981,0.5705885805547638,0.0050165930245576335,0.05457333333333333,0.005882784786322387,0.6075228174603174,0.002080577525035626,0.26358641666666655
0.009158167516790973,0.5110799361667663,0.0038976058199687853,0.35712956903594756,0.002178764943808168,0.28795450477626944,-0.01428273561301089,0.1978,0.003704347116215377,0.4050863636363636,0.005421267344576155,0.48186810279667425,0.004829825603033089,0.4043261042199593,0.002747578298894052,0.7552333333333333,0.006375121790426337,0.5777018939393941,0.008590675401545634,0.7371016229712316,-0.0058178008161465025,0.7353061300639658,0.007883509738894652,0.5722063333333334,0.004123208505265191,0.683567365967366,0.0017457484073679981,0.5705885805547638,0.0050165930245576335,0.05457333333333333,0.005882784786322387,0.6075228174603174,0.002080577525035626,0.26358641666666655
0.009158167516790973,0.5110799361667663,0.0038976058199687853,0.35712956903594756,0.002178764943808168,0.28795450477626944,0.03728616069064134,0.48778,0.003704347116215377,0.4050863636363636,0.005421267344576155,0.48186810279667425,0.004829825603033089,0.4043261042199593,0.002747578298894052,0.7552333333333333,0.006375121790426337,0.5777018939393941,0.008590675401545634,0.7371016229712316,0.08317674367193552,0.9776,0.007883509738894652,0.5722063333333334,0.004123208505265191,0.683567365967366,0.0017457484073679981,0.5705885805547638,0.0050165930245576335,0.05457333333333333,0.005882784786322387,0.6075228174603174,0.002080577525035626,0.26358641666666655
0.009158167516790973,0.5110799361667663,0.0038976058199687853,0.35712956903594756,0.002178764943808168,0.28795450477626944,0.03562628336755645,0.9769666666666666,0.003704347116215377,0.4050863636363636,0.005421267344576155,0.48186810279667425,0.004829825603033089,0.4043261042199593,0.002747578298894052,0.7552333333333333,0.006375121790426337,0.5777018939393941,0.008590675401545634,0.7371016229712316,0.06027545651501069,0.98375,0.007883509738894652,0.5722063333333334,0.004123208505265191,0.683567365967366,0.0017457484073679981,0.5705885805547638,0.0050165930245576335,0.05457333333333333,0.005882784786322387,0.6075228174603174,0.002080577525035626,0.26358641666666655
0.009158167516790973,0.5110799361667663,0.0038976058199687853,0.35712956903594756,0.002178764943808168,0.28795450477626944,-0.028400000000000033,0.44887499999999997,0.003704347116215377,0.4050863636363636,0.005421267344576155,0.48186810279667425,0.004829825603033089,0.4043261042199593,0.002747578298894052,0.7552333333333333,0.006375121790426337,0.5777018939393941,0.008590675401545634,0.7371016229712316,-0.03276582075168646,0.1263,0.007883509738894652,0.5722063333333334,0.004123208505265191,0.683567365967366,0.0017457484073679981,0.5705885805547638,0.0050165930245576335,0.05457333333333333,0.005882784786322387,0.6075228174603174,0.002080577525035626,0.26358641666666655
0.009158167516790973,0.5110799361667663,0.0038976058199687853,0.35712956903594756,0.002178764943808168,0.28795450477626944,0.05099032942028228,0.32855,0.003704347116215377,0.4050863636363636,0.005421267344576155,0.48186810279667425,0.004829825603033089,0.4043261042199593,0.002747578298894052,0.7552333333333333,0.006375121790426337,0.5777018939393941,0.008590675401545634,0.7371016229712316,0.05915164093916205,0.7353061300639658,0.007883509738894652,0.5722063333333334,0.004123208505265191,0.683567365967366,0.0017457484073679981,0.5705885805547638,0.0050165930245576335,0.05457333333333333,0.005882784786322387,0.6075228174603174,0.002080577525035626,0.26358641666666655
