Date,Growth
2010-01-01,0.0
2010-01-02,0.0
2010-01-03,0.0
2010-01-04,0.002377381953842262
2010-01-05,-0.0019630652900975002
2010-01-06,-0.015917534785459354
2010-01-07,-0.0051645270768775646
2010-01-08,0.0074593631707860365
2010-01-09,0.0
2010-01-10,0.0
2010-01-11,-0.013456038718193314
2010-01-12,-0.007647541595165198
2010-01-13,0.012231727450097707
2010-01-14,-0.0028999516674720546
2010-01-15,-0.025966830421453087
2010-01-16,0.0
2010-01-17,0.0
2010-01-18,0.0
2010-01-19,0.03192565668677648
2010-01-20,-0.014860298659303217
2010-01-21,-0.01993599882296679
2010-01-22,-0.043765576618080164
2010-01-23,0.0
2010-01-24,0.0
2010-01-25,0.0011934552454282504
2010-01-26,0.00034140050072074737
2010-01-27,0.005059276598957952
2010-01-28,-0.02939834182703277
2010-01-29,-0.04603987277945845
2010-01-30,0.0
2010-01-31,0.0
2010-02-01,0.011109759558853237
2010-02-02,-0.0003985492806184692
2010-02-03,0.02031593681263758
2010-02-04,-0.02439604903010823
2010-02-05,0.01442697357756517
2010-02-06,0.0
2010-02-07,0.0
2010-02-08,-0.007980845969672757
2010-02-09,-0.0014307857398353728
2010-02-10,-0.0034694528632955714
2010-02-11,0.01992463117382923
2010-02-12,0.01111154891839696
2010-02-13,0.0
2010-02-14,0.0
2010-02-15,0.0
2010-02-16,0.007192019178717946
2010-02-17,-0.00829637559259821
2010-02-18,0.006467603888308166
2010-02-19,-0.0008510967542265472
2010-02-20,0.0
2010-02-21,0.0
2010-02-22,-0.010066725807073677
2010-02-23,-0.014179687500000121
2010-02-24,0.01093627065302906
2010-02-25,0.023421427441050892
2010-02-26,0.010606294353594652
2010-02-27,0.0
2010-02-28,0.0
2010-03-01,0.015826628207074464
2010-03-02,-0.005169784654293741
2010-03-03,0.0007466029565478246
2010-03-04,0.0063772656075184375
2010-03-05,0.018377946464242918
2010-03-06,0.0
2010-03-07,0.0
2010-03-08,-0.004117709701466034
2010-03-09,0.02222779010666471
2010-03-10,0.005026178010471271
2010-03-11,0.007325240686479603
2010-03-12,-0.0019603796945934313
2010-03-13,0.0
2010-03-14,0.0
2010-03-15,-0.007341228616940223
2010-03-16,0.001184338860247853
2010-03-17,-0.0030568292344032573
2010-03-18,0.003278116826503965
2010-03-19,-0.01286675452590687
2010-03-20,0.0
2010-03-21,0.0
2010-03-22,0.019336331763289406
2010-03-23,0.01193812934703619
2010-03-24,0.0066145726232091934
2010-03-25,-0.0181971926264165
2010-03-26,0.008320261883652723
2010-03-27,0.0
2010-03-28,0.0
2010-03-29,-0.002246362234292234
2010-03-30,-0.0034643175294467128
2010-03-31,-0.003641901734869535
2010-04-01,-0.007162335315569749
2010-04-02,0.0
2010-04-03,0.0
2010-04-04,0.0
2010-04-05,0.014953643704515974
2010-04-06,0.005276439550355514
2010-04-07,0.00364820846905532
2010-04-08,-0.0018839120407964345
2010-04-09,0.0012935355560585696
2010-04-10,0.0
2010-04-11,0.0
2010-04-12,-0.0026038318117527024
2010-04-13,0.0008381689232752999
2010-04-14,0.002165881003949592
2010-04-15,0.012000761953139772
2010-04-16,-0.006429153860628547
2010-04-17,0.0
2010-04-18,0.0
2010-04-19,0.0021220663224907413
2010-04-20,-0.01854869031206914
2010-04-21,0.0037190457472862323
2010-04-22,0.03211952576820704
2010-04-23,0.014271509621570814
2010-04-24,0.0
2010-04-25,0.0
2010-04-26,-0.00904418731516833
2010-04-27,-0.01857159569489954
2010-04-28,-0.0052555004602276405
2010-04-29,0.021195119779143252
2010-04-30,-0.032018064441420885
2010-05-01,0.0
2010-05-02,0.0
2010-05-03,0.00732406012817119
2010-05-04,-0.014429799767933101
2010-05-05,0.012289640265555141
2010-05-06,-0.030406444075508743
2010-05-07,-0.033315198259032876
2010-05-08,0.0
2010-05-09,0.0
2010-05-10,0.011223728391990956
2010-05-11,0.018003222607833512
2010-05-12,0.00947396914192901
2010-05-13,-0.018598718557190183
2010-05-14,-0.005568303503136061
2010-05-15,0.0
2010-05-16,0.0
2010-05-17,0.00018433746044426027
2010-05-18,-0.018227109787957784
2010-05-19,-0.004507324402153448
2010-05-20,-0.015074076470207707
2010-05-21,0.0460812405191302
2010-05-22,0.0
2010-05-23,0.0
2010-05-24,-0.0020528044466902877
2010-05-25,0.022133975652626776
2010-05-26,-0.024311840709069343
2010-05-27,0.010496153486778686
2010-05-28,-0.008858089786080053
2010-05-29,0.0
2010-05-30,0.0
2010-05-31,0.0
2010-06-01,0.004359984364194098
2010-06-02,-0.0029495914815796335
2010-06-03,-0.007802838466521424
2010-06-04,-0.00969788519637456
2010-06-05,0.0
2010-06-06,0.0
2010-06-07,-0.028833076434853375
2010-06-08,-0.016086782335356976
2010-06-09,-0.03327539111000742
2010-06-10,0.023381180223285388
2010-06-11,0.02152161600906188
2010-06-12,0.0
2010-06-13,0.0
2010-06-14,-0.0071047415764599504
2010-06-15,0.016039839907121645
2010-06-16,0.023874345549738277
2010-06-17,0.004327006288582637
2010-06-18,0.006740670625017911
2010-06-19,0.0
2010-06-20,0.0
2010-06-21,-0.027242823807247917
2010-06-22,0.005908843186186016
2010-06-23,-0.013111117431244802
2010-06-24,-0.007291066282420957
2010-06-25,-0.012318903444087646
2010-06-26,0.0
2010-06-27,0.0
2010-06-28,0.00494282121025992
2010-06-29,-0.03101370510396988
2010-06-30,-0.020226906347902765
2010-07-01,-0.0220945239997542
2010-07-02,-0.014951873656667614
2010-07-03,0.0
2010-07-04,0.0
2010-07-05,0.0
2010-07-06,0.006925339151883048
2010-07-07,0.03209222620345852
2010-07-08,-0.017070124308570692
2010-07-09,0.01057782911334688
2010-07-10,0.0
2010-07-11,0.0
2010-07-12,-0.004772260480850587
2010-07-13,-0.017158879644021678
2010-07-14,0.014258853024130425
2010-07-15,0.012737851863500585
2010-07-16,-0.012435584904495903
2010-07-17,0.0
2010-07-18,0.0
2010-07-19,-0.016665624413732653
2010-07-20,0.038902486152260676
2010-07-21,-0.040664780763790744
2010-07-22,0.0050599927281542115
2010-07-23,0.010595342906585013
2010-07-24,0.0
2010-07-25,0.0
2010-07-26,-0.002673234613882757
2010-07-27,0.013120843568390222
2010-07-28,-0.010335228618810609
2010-07-29,-0.009943990175816956
2010-07-30,0.0059236641221374845
2010-07-31,0.0
2010-08-01,0.0
2010-08-02,0.005396977692492196
2010-08-03,0.00035786711201263153
2010-08-04,0.0008321198252547979
2010-08-05,0.000836195311333606
2010-08-06,0.0015034428842047437
2010-08-07,0.0
2010-08-08,0.0
2010-08-09,0.0010153496983815933
2010-08-10,-0.0016528428897703968
2010-08-11,-0.01946382666177019
2010-08-12,0.02112163146394761
2010-08-13,-0.007652585080569968
2010-08-14,0.0
2010-08-15,0.0
2010-08-16,-0.0003467297084318119
2010-08-17,0.007399313143927404
2010-08-18,0.0020406901242966576
2010-08-19,-0.011460521438280063
2010-08-20,0.0011273604108601699
2010-08-21,0.0
2010-08-22,0.0
2010-08-23,-0.02366551905958246
2010-08-24,-0.012660668380462786
2010-08-25,0.0123673761635097
2010-08-26,-0.021091140448544626
2010-08-27,0.0003556187766714983
2010-08-28,0.0
2010-08-29,0.0
2010-08-30,0.0073305222186182
2010-08-31,0.00545812744243119
2010-09-01,0.011452549217566872
2010-09-02,0.003137425447316075
2010-09-03,0.01507029742395946
2010-09-04,0.0
2010-09-05,0.0
2010-09-06,0.0
2010-09-07,0.004992085717764565
2010-09-08,0.012235817575083317
2010-09-09,-0.007717003917410399
2010-09-10,0.0007713760161396593
2010-09-11,0.0
2010-09-12,0.0
2010-09-13,0.004081153292815494
2010-09-14,0.007129026579827557
2010-09-15,0.008304195804195705
2010-09-16,0.023315613082168306
2010-09-17,-0.00779403489026432
2010-09-18,0.0
2010-09-19,0.0
2010-09-20,0.025820865974716386
2010-09-21,-0.00013756671985900657
2010-09-22,0.01711288987027338
2010-09-23,0.008504143044047034
2010-09-24,0.0010696903246509909
2010-09-25,0.0
2010-09-26,0.0
2010-09-27,-0.009641690350341299
2010-09-28,-0.016597066067030854
2010-09-29,0.0007341944255608708
2010-09-30,-0.018130724958793788
2010-10-01,-0.01328169743911424
2010-10-02,0.0
2010-10-03,0.0
2010-10-04,-0.010783389698952038
2010-10-05,0.023369655401294286
2010-10-06,-0.0017520215633424483
2010-10-07,-0.0038191549447297254
2010-10-08,0.0079758049407168
2010-10-09,0.0
2010-10-10,0.0
2010-10-11,0.0019602129744908793
2010-10-12,0.010600052868094194
2010-10-13,0.00033833021028518957
2010-10-14,0.0024857586742621346
2010-10-15,0.023748444286403575
2010-10-16,0.0
2010-10-17,0.0
2010-10-18,-0.0014956112391506875
2010-10-19,0.01981217033320458
2010-10-20,0.0049277266754270774
2010-10-21,-0.008901112639079748
2010-10-22,-0.005003411416875152
2010-10-23,0.0
2010-10-24,0.0
2010-10-25,-0.0009093894460301175
2010-10-26,0.003842336955138893
2010-10-27,0.0010157182397602688
2010-10-28,-0.00882397687509506
2010-10-29,-0.011032996356545382
2010-10-30,0.0
2010-10-31,0.0
2010-11-01,0.00513495381121962
2010-11-02,0.00688761246378287
2010-11-03,0.004211581850087723
2010-11-04,0.010036428518325802
2010-11-05,-0.002774776544543921
2010-11-06,0.0
2010-11-07,0.0
2010-11-08,0.004678420171378038
2010-11-09,-0.01537376243644939
2010-11-10,0.004265706677187144
2010-11-11,0.005205622071837605
2010-11-12,-0.023661609286439202
2010-11-13,0.0
2010-11-14,0.0
2010-11-15,-0.004683070068853665
2010-11-16,-0.012931915763647522
2010-11-17,-0.001919236455118162
2010-11-18,0.009688386717452003
2010-11-19,-0.004157793327248795
2010-11-20,0.0
2010-11-21,0.0
2010-11-22,0.02176901924839607
2010-11-23,-0.005683675778990674
2010-11-24,0.00901036191620362
2010-11-25,0.0
2010-11-26,0.004607262041141484
2010-11-27,0.0
2010-11-28,0.0
2010-11-29,0.0019754549719731905
2010-11-30,-0.007595945508430247
2010-12-01,0.002325293753865212
2010-12-02,0.002041318248893397
2010-12-03,0.001650815552160848
2010-12-04,0.0
2010-12-05,0.0
2010-12-06,0.0050500098058443585
2010-12-07,-0.017479566988933663
2010-12-08,0.003931623931623965
2010-12-09,-0.008354926985203275
2010-12-10,0.0028093318675948423
2010-12-11,0.0
2010-12-12,0.0
2010-12-13,-0.008281772877193685
2010-12-14,-0.00528677094701112
2010-12-15,0.0007806020393229151
2010-12-16,0.00046206225680929844
2010-12-17,-0.002405481582272593
2010-12-18,0.0
2010-12-19,0.0
2010-12-20,0.0025267863650721913
2010-12-21,0.00340777262180953
2010-12-22,0.0025037918000820067
2010-12-23,-0.004252865277877883
2010-12-24,0.0
2010-12-25,0.0
2010-12-26,0.0
2010-12-27,0.004638913721037167
2010-12-28,-0.0014135460839981193
2010-12-29,-0.0025858972824136022
2010-12-30,-0.005279577633789269
2010-12-31,-0.0013780098636496027
2011-01-01,0.0
2011-01-02,0.0
2011-01-03,0.01451923076923058
2011-01-04,-0.0035933206510249563
2011-01-05,0.012115475627070528
2011-01-06,-0.0037993566733486505
2011-01-07,0.0060298688854091825
2011-01-08,0.0
2011-01-09,0.0
2011-01-10,0.01064687852879488
2011-01-11,-0.009597971749366321
2011-01-12,0.0029104138244658304
2011-01-13,0.0014705216958508151
2011-01-14,0.007154141277363869
2011-01-15,0.0
2011-01-16,0.0
2011-01-17,0.0
2011-01-18,0.04159304713241959
2011-01-19,-0.027933962052821552
2011-01-20,-0.010405778923652416
2011-01-21,-0.021789956046011295
2011-01-22,0.0
2011-01-23,0.0
2011-01-24,0.03180212014134295
2011-01-25,0.015491812797584522
2011-01-26,0.002732738203680029
2011-01-27,-0.001952814550738923
2011-01-28,-0.0238802585327134
2011-01-29,0.0
2011-01-30,0.0
2011-01-31,0.010135056602896394
2011-02-01,0.010219478737997155
2011-02-02,-0.00043072179905674754
2011-02-03,-0.0007951473294408204
2011-02-04,0.008408517601072758
2011-02-05,0.0
2011-02-06,0.0
2011-02-07,0.011129560651617715
2011-02-08,0.004726879155346266
2011-02-09,0.008376203667062241
2011-02-10,-0.009165902841429764
2011-02-11,0.005655436480866093
2011-02-12,0.0
2011-02-13,0.0
2011-02-14,0.006631067536219294
2011-02-15,0.0019347405491184676
2011-02-16,0.0066893252224360916
2011-02-17,0.0034773100054672893
2011-02-18,-0.021597942637956426
2011-02-19,0.0
2011-02-20,0.0
2011-02-21,0.0
2011-02-22,-0.00952489721333946
2011-02-23,0.011760094080752601
2011-02-24,-0.0032460899371213716
2011-02-25,0.008208398344752881
2011-02-26,0.0
2011-02-27,0.0
2011-02-28,0.0058037401881211375
2011-03-01,-0.016770336505703788
2011-03-02,0.00620328015173504
2011-03-03,0.005942237951675902
2011-03-04,0.0012378925422402607
2011-03-05,0.0
2011-03-06,0.0
2011-03-07,-0.017232815772993324
2011-03-08,0.0027071044986352326
2011-03-09,-0.006230461010083247
2011-03-10,-0.0066456333489965345
2011-03-11,0.020210478669231653
2011-03-12,0.0
2011-03-13,0.0
2011-03-14,0.0019473334808586184
2011-03-15,0.01050828098229585
2011-03-16,-0.034608004385964924
2011-03-17,-0.006813757300454344
2011-03-18,-0.01845069769598054
2011-03-19,0.0
2011-03-20,0.0
2011-03-21,0.009431770663940707
2011-03-22,-0.0039889676551707765
2011-03-23,-0.00020715847623416355
2011-03-24,0.009159851980446714
2011-03-25,0.010096703987076284
2011-03-26,0.0
2011-03-27,0.0
2011-03-28,-0.007936157043063243
2011-03-29,0.009931914702379618
2011-03-30,-0.0059448266648855115
2011-03-31,0.006041070261253763
2011-04-01,-0.018593478937769484
2011-04-02,0.0
2011-04-03,0.0
2011-04-04,-0.009767484023025075
2011-04-05,0.007077222944124738
2011-04-06,-0.009925671812464208
2011-04-07,2.3098422377697767e-05
2011-04-08,-0.014470118057788656
2011-04-09,0.0
2011-04-10,0.0
2011-04-11,-0.011157275570701683
2011-04-12,0.005171314552882201
2011-04-13,0.003824448486544671
2011-04-14,-0.006650332516625752
2011-04-15,-0.01844396592079369
2011-04-16,0.0
2011-04-17,0.0
2011-04-18,0.01772115522774084
2011-04-19,0.01382477681186579
2011-04-20,-0.0038619686953361436
2011-04-21,-0.010356757233203298
2011-04-22,0.0
2011-04-23,0.0
2011-04-24,0.0
2011-04-25,0.007151291019671574
2011-04-26,-0.008966233077891518
2011-04-27,-0.006029170545728565
2011-04-28,0.0015562973655718943
2011-04-29,0.00900090009000913
2011-04-30,0.0
2011-05-01,0.0
2011-05-02,-0.009780060288042767
2011-05-03,0.0007855459544384175
2011-05-04,0.0036544627043024864
2011-05-05,-0.0045730682149340614
2011-05-06,-0.009151377170662106
2011-05-07,0.0
2011-05-08,0.0
2011-05-09,-0.0007856341189673758
2011-05-10,0.0018356839041861121
2011-05-11,-0.005524120501867463
2011-05-12,0.0002929973630236905
2011-05-13,-0.015288379025337601
2011-05-14,0.0
2011-05-15,0.0
2011-05-16,-0.01740411621161212
2011-05-17,0.01251293630633165
2011-05-18,0.01000162439375282
2011-05-19,-0.004383461564804622
2011-05-20,-0.013376235348195672
2011-05-21,0.0
2011-05-22,0.0
2011-05-23,0.013202100979510543
2011-05-24,-0.00977630874514098
2011-05-25,0.010425940677569006
2011-05-26,-0.002302272040185199
2011-05-27,0.007813411078717221
2011-05-28,0.0
2011-05-29,0.0
2011-05-30,0.0
2011-05-31,0.01914981239132432
2011-06-01,-0.010333721034266713
2011-06-02,-0.0012167917258161505
2011-06-03,0.000796413862152222
2011-06-04,0.0
2011-06-05,0.0
2011-06-06,-0.02211429862209169
2011-06-07,-0.018058795002655784
2011-06-08,0.0007056167090036959
2011-06-09,-0.0053420805998125945
2011-06-10,-0.014219240853154376
2011-06-11,0.0
2011-06-12,0.0
2011-06-13,-0.0017660676356174116
2011-06-14,0.007263521506648252
2011-06-15,-0.008036603290502858
2011-06-16,-0.004970250185189403
2011-06-17,-0.026813468428920472
2011-06-18,0.0
2011-06-19,0.0
2011-06-20,-0.006226312939902548
2011-06-21,0.027679100059206627
2011-06-22,-0.007424136853992086
2011-06-23,0.03853687200078342
2011-06-24,-0.015546604480248832
2011-06-25,0.0
2011-06-26,0.0
2011-06-27,0.013466488702450131
2011-06-28,0.005009363295880118
2011-06-29,-0.006410851992938685
2011-06-30,0.003689261447217906
2011-07-01,0.021826549824504313
2011-07-02,0.0
2011-07-03,0.0
2011-07-04,0.0
2011-07-05,0.0188288329311051
2011-07-06,0.0079208806945316
2011-07-07,0.006756608050707621
2011-07-08,0.01747178229849998
2011-07-09,0.0
2011-07-10,0.0
2011-07-11,-0.006943988083503259
2011-07-12,0.0006847650813986615
2011-07-13,-0.0008934603063914406
2011-07-14,-0.008719546497035912
2011-07-15,0.010837353176577422
2011-07-16,0.0
2011-07-17,0.0
2011-07-18,0.02286422496687893
2011-07-19,-0.0028514164101081725
2011-07-20,-0.023107255520504674
2011-07-21,0.0007061719427798274
2011-07-22,0.012829536085583827
2011-07-23,0.0
2011-07-24,0.0
2011-07-25,0.02135409370184322
2011-07-26,0.008492113071997546
2011-07-27,-0.01931104435688374
2011-07-28,0.0004785452225235466
2011-07-29,0.007636971809700464
2011-07-30,0.0
2011-07-31,0.0
2011-08-01,-0.0031392246115210264
2011-08-02,-0.022415451351404322
2011-08-03,0.0037937024539265785
2011-08-04,-0.030434346474069535
2011-08-05,-0.01654642247846909
2011-08-06,0.0
2011-08-07,0.0
2011-08-08,-0.02264477095937774
2011-08-09,0.03382257716382474
2011-08-10,-0.01972133355783797
2011-08-11,0.008492792716850685
2011-08-12,-0.003735116283868784
2011-08-13,0.0
2011-08-14,0.0
2011-08-15,0.009872480460715836
2011-08-16,-0.00264052073525193
2011-08-17,-0.005064635366675611
2011-08-18,-0.012533704078193587
2011-08-19,-0.015780497808863883
2011-08-20,0.0
2011-08-21,0.0
2011-08-22,-0.02252821380388446
2011-08-23,0.03690860622873342
2011-08-24,0.007318195123991164
2011-08-25,0.023853839077508973
2011-08-26,0.03342870366474535
2011-08-27,0.0
2011-08-28,0.0
2011-08-29,0.004626928725180488
2011-08-30,0.00444489139179412
2011-08-31,-0.015737966846415093
2011-09-01,-0.012646701740186159
2011-09-02,-0.0024158110669136464
2011-09-03,0.0
2011-09-04,0.0
2011-09-05,0.0
2011-09-06,0.03441820889172521
2011-09-07,-0.0038090607018397434
2011-09-08,0.004492271251506054
2011-09-09,-0.017279583663678343
2011-09-10,0.0
2011-09-11,0.0
2011-09-12,0.017248228136564212
2011-09-13,0.006457149863091981
2011-09-14,0.005911667978128831
2011-09-15,0.0035297636853124435
2011-09-16,0.011318373624640242
2011-09-17,0.0
2011-09-18,0.0
2011-09-19,0.037105532383725416
2011-09-20,-0.004587242202628393
2011-09-21,-0.018065116279069836
2011-09-22,0.002005725079352745
2011-09-23,0.010125446280508136
2011-09-24,0.0
2011-09-25,0.0
2011-09-26,0.007689755450163076
2011-09-27,-0.02375269700036291
2011-09-28,-0.008599173231417116
2011-09-29,-0.028381055985081113
2011-09-30,-0.01502743262869125
2011-10-01,0.0
2011-10-02,0.0
2011-10-03,-0.015110143915908706
2011-10-04,-0.006394367957343302
2011-10-05,0.028275452152500498
2011-10-06,0.01159626575124564
2011-10-07,-0.015897425240539484
2011-10-08,0.0
2011-10-09,0.0
2011-10-10,0.02541238493379192
2011-10-11,0.019652305366591214
2011-10-12,-0.012822478629202227
2011-10-13,0.008367071524966215
2011-10-14,0.012003295756713198
2011-10-15,0.0
2011-10-16,0.0
2011-10-17,-0.0033723688111473864
2011-10-18,0.0016114692153812568
2011-10-19,-0.007021843574332423
2011-10-20,-0.011732781508667656
2011-10-21,-0.013664523212045082
2011-10-22,0.0
2011-10-23,0.0
2011-10-24,0.024466218480768086
2011-10-25,-0.01800551346557962
2011-10-26,-0.0034383620187264383
2011-10-27,-0.007716019835723424
2011-10-28,0.004844210199968997
2011-10-29,0.0
2011-10-30,0.0
2011-10-31,0.006680389948343519
2011-11-01,-0.002534132207052309
2011-11-02,-0.006868962825641463
2011-11-03,0.009524554575502178
2011-11-04,-0.00527868343424931
2011-11-05,0.0
2011-11-06,0.0
2011-11-07,-0.00048814777209367917
2011-11-08,0.009998446843208832
2011-11-09,-0.004346799889854776
2011-11-10,-0.029927638823344455
2011-11-11,-0.005552302691352513
2011-11-12,0.0
2011-11-13,0.0
2011-11-14,-0.012543964868766083
2011-11-15,0.021079396325459437
2011-11-16,-0.012010506686985159
2011-11-17,-0.01696259686375014
2011-11-18,-0.010448437886406684
2011-11-19,0.0
2011-11-20,0.0
2011-11-21,-0.0032691455929808517
2011-11-22,0.014091320167413332
2011-11-23,-0.020568927789934247
2011-11-24,0.0
2011-11-25,-0.012534198638417022
2011-11-26,0.0
2011-11-27,0.0
2011-11-28,0.01012897137464605
2011-11-29,-0.006382403692231122
2011-11-30,0.0031152009509561006
2011-12-01,0.014312840721154985
2011-12-02,-0.0013607347967902236
2011-12-03,0.0
2011-12-04,0.0
2011-12-05,-0.0012304028577098157
2011-12-06,-0.0040779789138652356
2011-12-07,-0.001542931569982931
2011-12-08,-0.0020944288193406333
2011-12-09,0.0023065757292555834
2011-12-10,0.0
2011-12-11,0.0
2011-12-12,0.0004186769807407331
2011-12-13,-0.010256614124709263
2011-12-14,-0.016820806914098898
2011-12-15,-0.011407618659604853
2011-12-16,0.0016628346198062712
2011-12-17,0.0
2011-12-18,0.0
2011-12-19,-0.00067374438546348
2011-12-20,0.021824117362566613
2011-12-21,-0.00021662924888736826
2011-12-22,0.0039140867786476765
2011-12-23,0.009084870271959916
2011-12-24,0.0
2011-12-25,0.0
2011-12-26,0.0
2011-12-27,0.008367228355607109
2011-12-28,-0.010401473861978996
2011-12-29,0.004647560030983772
2011-12-30,0.0037545238141316307
2011-12-31,0.0
2012-01-01,0.0
2012-01-02,0.0
2012-01-03,0.003334095412284794
2012-01-04,0.00818798080584964
2012-01-05,0.007414377117049273
2012-01-06,0.006268951020332165
2012-01-07,0.0
2012-01-08,0.0
2012-01-09,-0.008863849075994275
2012-01-10,-0.006252177261143013
2012-01-11,-0.00020323701130728846
2012-01-12,-0.002163461538461489
2012-01-13,0.00026046996223204165
2012-01-14,0.0
2012-01-15,0.0
2012-01-16,0.0
2012-01-17,0.0011597297645564934
2012-01-18,0.005029629087716705
2012-01-19,-0.0056634597930659775
2012-01-20,-0.01680549466608216
2012-01-21,0.0
2012-01-22,0.0
2012-01-23,0.011307786112856042
2012-01-24,-0.011076210943957707
2012-01-25,-0.017080505198041065
2012-01-26,-0.008497301062162625
2012-01-27,0.006873033451106635
2012-01-28,0.0
2012-01-29,0.0
2012-01-30,0.016345766393945357
2012-01-31,0.0016105542705387489
2012-02-01,-0.0048547823865087575
2012-02-02,-0.0017128273641299936
2012-02-03,0.005173915270734156
2012-02-04,0.0
2012-02-05,0.0
2012-02-06,0.012180371714280906
2012-02-07,0.007669972978869824
2012-02-08,0.013161388833565798
2012-02-09,0.02589175492170763
2012-02-10,0.004898140932873089
2012-02-11,0.0
2012-02-12,0.0
2012-02-13,0.005750269543884791
2012-02-14,0.009813026250619123
2012-02-15,-0.03222230658264368
2012-02-16,0.02178161193460731
2012-02-17,-0.001955641093296571
2012-02-18,0.0
2012-02-19,0.0
2012-02-20,0.0
2012-02-21,0.015353815353815352
2012-02-22,-7.609655130422567e-05
2012-02-23,0.002516562315237066
2012-02-24,0.005606577582708363
2012-02-25,0.0
2012-02-26,0.0
2012-02-27,0.008961083721696895
2012-02-28,0.014125129418725015
2012-02-29,0.0021350875674429493
2012-03-01,-0.006483420966386134
2012-03-02,0.0013625346012076196
2012-03-03,0.0
2012-03-04,0.0
2012-03-05,-0.022547672221267863
2012-03-06,0.011997019374068657
2012-03-07,-0.01085754206205966
2012-03-08,0.013151940677594934
2012-03-09,0.001391279403327513
2012-03-10,0.0
2012-03-11,0.0
2012-03-12,0.005461838249935999
2012-03-13,0.018907563025210003
2012-03-14,0.01999405582124239
2012-03-15,-0.023505052609646925
2012-03-16,0.0015091618141992804
2012-03-17,0.0
2012-03-18,0.0
2012-03-19,0.004567580617798016
2012-03-20,0.010890379730345841
2012-03-21,-0.00036275538626978377
2012-03-22,0.00261256906979482
2012-03-23,-0.007334391011469648
2012-03-24,0.0
2012-03-25,0.0
2012-03-26,0.011990626220544283
2012-03-27,0.013706394599886549
2012-03-28,-0.0012122589688222606
2012-03-29,-0.004804016514603313
2012-03-30,-0.015161426867279821
2012-03-31,0.0
2012-04-01,0.0
2012-04-02,0.028014948226195623
2012-04-03,0.0032116315835336636
2012-04-04,-6.253361181629442e-05
2012-04-05,0.010050814526976386
2012-04-06,0.0
2012-04-07,0.0
2012-04-08,0.0
2012-04-09,0.01611273929039099
2012-04-10,-0.017961733697774408
2012-04-11,-0.015710726252869064
2012-04-12,-0.0035608086159074014
2012-04-13,-0.03026549558341462
2012-04-14,0.0
2012-04-15,0.0
2012-04-16,-0.04906239999999998
2012-04-17,0.05315690797016419
2012-04-18,-0.00875396027636052
2012-04-19,-0.02127105965003566
2012-04-20,-0.031122085192912027
2012-04-21,0.0
2012-04-22,0.0
2012-04-23,0.0019570007253219565
2012-04-24,-0.0041775964247547145
2012-04-25,-0.009195723037505973
2012-04-26,-0.010716192510105882
2012-04-27,-0.003445739285299417
2012-04-28,0.0
2012-04-29,0.0
2012-04-30,-0.023146757233361705
2012-05-01,-0.004726049343159233
2012-05-02,0.009904987484187068
2012-05-03,-0.014731162889106402
2012-05-04,-0.020513930799312664
2012-05-05,0.0
2012-05-06,0.0
2012-05-07,0.014240616351676484
2012-05-08,-0.002481423596830128
2012-05-09,0.009738595592004141
2012-05-10,-0.007094126280883795
2012-05-11,0.0029991016515790027
2012-05-12,0.0
2012-05-13,0.0
2012-05-14,-0.007759039489208099
2012-05-15,-0.014756401162709933
2012-05-16,-0.014375916112301218
2012-05-17,-0.0278800028638933
2012-05-18,-0.006712390868808634
2012-05-19,0.0
2012-05-20,0.0
2012-05-21,0.050124910517319425
2012-05-22,-0.02211436954167161
2012-05-23,0.02339066614376158
2012-05-24,-0.018373379617074415
2012-05-25,-0.004093769448862547
2012-05-26,0.0
2012-05-27,0.0
2012-05-28,0.0
2012-05-29,0.0024073314184106407
2012-05-30,0.017532788234648603
2012-05-31,-0.005190195102930038
2012-06-01,-0.014309822053315492
2012-06-02,0.0
2012-06-03,0.0
2012-06-04,0.004964746130418448
2012-06-05,0.002796366115277169
2012-06-06,0.006505295007564478
2012-06-07,-0.00963086204331187
2012-06-08,0.015217955548269744
2012-06-09,0.0
2012-06-10,0.0
2012-06-11,-0.028141317778988467
2012-06-12,0.0029496921173895736
2012-06-13,-0.004104710903308325
2012-06-14,0.0005194450140113007
2012-06-15,0.00547023508335259
2012-06-16,0.0
2012-06-17,0.0
2012-06-18,0.025958395448390882
2012-06-19,0.006879751579398166
2012-06-20,-0.0041818230093194604
2012-06-21,-0.0132581062515839
2012-06-22,0.005299853006621454
2012-06-23,0.0
2012-06-24,0.0
2012-06-25,-0.011321520357094592
2012-06-26,0.0011890443909904477
2012-06-27,-0.0008827204084960064
2012-06-28,-0.004630514956972879
2012-06-29,0.010348694254178054
2012-06-30,0.0
2012-07-01,0.0
2012-07-02,0.013314103334535208
2012-07-03,0.007613346984852042
2012-07-04,0.0
2012-07-05,0.01560285532252406
2012-07-06,-0.002006508289708821
2012-07-07,0.0
2012-07-08,0.0
2012-07-09,0.01417771814851114
2012-07-10,-0.01578295592397909
2012-07-11,-0.00278278794125236
2012-07-12,-0.0022245928084507504
2012-07-13,0.003367265003755678
2012-07-14,0.0
2012-07-15,0.0
2012-07-16,0.0029551056224433074
2012-07-17,-0.006289951419074281
2012-07-18,-0.0005664190728749235
2012-07-19,0.005007600822677225
2012-07-20,-0.014240768339129111
2012-07-21,0.0
2012-07-22,0.0
2012-07-23,0.015882816605359812
2012-07-24,-0.01064499955003025
2012-07-25,0.0008971413813259003
2012-07-26,-0.008404719573298788
2012-07-27,0.017667748550321195
2012-07-28,0.0
2012-07-29,0.0
2012-07-30,0.0069241645414064405
2012-07-31,0.012491585978356593
2012-08-01,-0.014795375019017211
2012-08-02,0.008225601699525777
2012-08-03,0.0033722306351246525
2012-08-04,0.0
2012-08-05,0.0
2012-08-06,0.008526033496938808
2012-08-07,-0.0029842137599839446
2012-08-08,0.0007942711616531228
2012-08-09,0.0046436706391652155
2012-08-10,0.004838263754492738
2012-08-11,0.0
2012-08-12,0.0
2012-08-13,0.010589071678910636
2012-08-14,-0.0002830211896735454
2012-08-15,-0.0007512962940154057
2012-08-16,0.008117563006577887
2012-08-17,0.012634699257711497
2012-08-18,0.0
2012-08-19,0.0
2012-08-20,0.023338437245801324
2012-08-21,-0.022010756177847843
2012-08-22,0.022099447513812147
2012-08-23,-0.005206144651444924
2012-08-24,0.005599962273938466
2012-08-25,0.0
2012-08-26,0.0
2012-08-27,-0.006277729497324484
2012-08-28,-0.00028798525515500155
2012-08-29,-0.002659850081177343
2012-08-30,-0.010121387082188337
2012-08-31,-0.0029947795282931505
2012-09-01,0.0
2012-09-02,0.0
2012-09-03,0.0
2012-09-04,0.01383957768849858
2012-09-05,-0.007929657378954678
2012-09-06,0.004585513473555068
2012-09-07,0.0035319480757764203
2012-09-08,0.0
2012-09-09,0.0
2012-09-10,-0.026007564590403508
2012-09-11,-0.006768684022866152
2012-09-12,0.004395732524922865
2012-09-13,0.008275941230486727
2012-09-14,0.0019044828596543886
2012-09-15,0.0
2012-09-16,0.0
2012-09-17,0.0005892555367785676
2012-09-18,0.0029218326445363423
2012-09-19,0.0025981812731090802
2012-09-20,-0.000678373238731854
2012-09-21,-0.00327665603967402
2012-09-22,0.0
2012-09-23,0.0
2012-09-24,0.005750639588852021
2012-09-25,-0.02137418378182948
2012-09-26,-0.0053018940318811615
2012-09-27,0.025633222529144593
2012-09-28,-0.017148944944669575
2012-09-29,0.0
2012-09-30,0.0
2012-10-01,-0.017505039505085796
2012-10-02,-0.0007871518028126845
2012-10-03,0.009893579698280945
2012-10-04,-0.006614154986678999
2012-10-05,-0.01897047478785334
2012-10-06,0.0
2012-10-07,0.0
2012-10-08,-0.013462023871052926
2012-10-09,-0.004419337951521023
2012-10-10,0.001810889645114255
2012-10-11,-0.028408544212450627
2012-10-12,0.00025935851992738945
2012-10-13,0.0
2012-10-14,0.0
2012-10-15,0.003811725359039965
2012-10-16,0.022688057564521448
2012-10-17,-0.006578632027992387
2012-10-18,-0.010843930073670597
2012-10-19,-0.033599881716588065
2012-10-20,0.0
2012-10-21,0.0
2012-10-22,0.035282168475845824
2012-10-23,-0.027959188702959697
2012-10-24,-0.007444479199249282
2012-10-25,-0.016855412167500586
2012-10-26,-0.008905446611975062
2012-10-27,0.0
2012-10-28,0.0
2012-10-29,0.0
2012-10-30,0.0
2012-10-31,0.0007319400331986744
2012-11-01,-0.002807455353661496
2012-11-02,-0.032020250786153184
2012-11-03,0.0
2012-11-04,0.0
2012-11-05,0.001918797553533192
2012-11-06,-0.012488473191937733
2012-11-07,-0.02758332321720015
2012-11-08,-0.04081012798034049
2012-11-09,0.012245248700284858
2012-11-10,0.0
2012-11-11,0.0
2012-11-12,-0.02041984999371467
2012-11-13,0.007381981645578854
2012-11-14,-0.01579216209313564
2012-11-15,-0.02214606612141474
2012-11-16,0.004730605989153262
2012-11-17,0.0
2012-11-18,0.0
2012-11-19,0.04625030418414247
2012-11-20,-0.019244302495533983
2012-11-21,-0.004554121342642869
2012-11-22,0.0
2012-11-23,0.007614732733798318
2012-11-24,0.0
2012-11-25,0.0
2012-11-26,0.023654006397333425
2012-11-27,-0.008087279601937792
2012-11-28,0.009814700597999508
2012-11-29,-0.0014556231640789473
2012-11-30,-0.0016107524326322584
2012-12-01,0.0
2012-12-02,0.0
2012-12-03,-0.012581650347462203
2012-12-04,-0.010164305195237089
2012-12-05,-0.052923009945172315
2012-12-06,0.03460739266586664
2012-12-07,-0.03640661277238536
2012-12-08,0.0
2012-12-09,0.0
2012-12-10,0.009184861932211956
2012-12-11,0.003025653526822386
2012-12-12,-0.01602305964138867
2012-12-13,-0.002754098360655635
2012-12-14,-0.009653554673403043
2012-12-15,0.0
2012-12-16,0.0
2012-12-17,0.0194205763820242
2012-12-18,0.016939657078830814
2012-12-19,-0.009670137624699648
2012-12-20,-0.015640059581179533
2012-12-21,0.013304740474500509
2012-12-22,0.0
2012-12-23,0.0
2012-12-24,-0.00037186333278801833
2012-12-25,0.0
2012-12-26,-0.011587502796212078
2012-12-27,0.0029993368300475984
2012-12-28,-0.0013499575294260199
2012-12-29,0.0
2012-12-30,0.0
2012-12-31,0.04326054959561757
2013-01-01,0.0
2013-01-02,-0.0086369544253909
2013-01-03,-0.009979503851862364
2013-01-04,-0.018551351351351233
2013-01-05,0.0
2013-01-06,0.0
2013-01-07,0.0036028823058446018
2013-01-08,-0.0073711151736744526
2013-01-09,-0.010735492277849264
2013-01-10,-0.009533293306192717
2013-01-11,-0.001618867980573716
2013-01-12,0.0
2013-01-13,0.0
2013-01-14,-0.0018169220109322504
2013-01-15,-0.024867198906526652
2013-01-16,0.02309606146431532
2013-01-17,-0.01495502874216991
2013-01-18,0.0030120949586225506
2013-01-19,0.0
2013-01-20,0.0
2013-01-21,0.0
2013-01-22,0.00042952690679275016
2013-01-23,0.010222242504449586
2013-01-24,-0.02064579091719828
2013-01-25,-0.026131359344745433
2013-01-26,0.0
2013-01-27,0.0
2013-01-28,0.027472333203691173
2013-01-29,-0.0005064316823660681
2013-01-30,-0.0003726034821488799
2013-01-31,-0.0033027895868972456
2013-02-01,-0.011969587133536774
2013-02-02,0.0
2013-02-03,0.0
2013-02-04,-0.025509856080758394
2013-02-05,0.031044099703677986
2013-02-06,0.0019499788045782447
2013-02-07,0.010663920402637674
2013-02-08,0.0020780232803545647
2013-02-09,0.0
2013-02-10,0.0
2013-02-11,0.00723502527413952
2013-02-12,-0.024216455635260817
2013-02-13,-0.00044469332630621465
2013-02-14,0.0044562246334795205
2013-02-15,-0.01853037241288752
2013-02-16,0.0
2013-02-17,0.0
2013-02-18,0.0
2013-02-19,-0.0024198528061948753
2013-02-20,-0.019334555053044027
2013-02-21,0.0001380309879568424
2013-02-22,0.003477158664633971
2013-02-23,0.0
2013-02-24,0.0
2013-02-25,-0.02439810105120368
2013-02-26,0.011581538888310955
2013-02-27,-0.00861447643889205
2013-02-28,-0.005978684689368319
2013-03-01,-0.017164742880233258
2013-03-02,0.0
2013-03-03,0.0
2013-03-04,-0.018131779180832166
2013-03-05,0.02291316731176518
2013-03-06,-0.020384308863898176
2013-03-07,0.014265774829154964
2013-03-08,0.004458051348157739
2013-03-09,0.0
2013-03-10,0.0
2013-03-11,0.01894631281114573
2013-03-12,-0.016481478210178466
2013-03-13,-0.00023348120476285528
2013-03-14,-0.0007289277650363009
2013-03-15,0.013143790964522265
2013-03-16,0.0
2013-03-17,0.0
2013-03-18,0.03233622703343438
2013-03-19,-0.010952205512944978
2013-03-20,-0.011641600215335961
2013-03-21,0.00557198283966022
2013-03-22,0.01614950992839369
2013-03-23,0.0
2013-03-24,0.0
2013-03-25,-0.002368098565892768
2013-03-26,-0.009225580318761866
2013-03-27,-0.009558811133401894
2013-03-28,-0.01596072259477213
2013-03-29,0.0
2013-03-30,0.0
2013-03-31,0.0
2013-04-01,-0.0299169842844462
2013-04-02,0.0051108551684421214
2013-04-03,0.0014449578107999033
2013-04-04,-0.013944081748509817
2013-04-05,-0.003117805934707418
2013-04-06,0.0
2013-04-07,0.0
2013-04-08,0.003223995218343992
2013-04-09,0.0014619091450539295
2013-04-10,0.017539760984814433
2013-04-11,0.001383862039599797
2013-04-12,-0.010031903580290722
2013-04-13,0.0
2013-04-14,0.0
2013-04-15,-0.016777495449712646
2013-04-16,0.011116587262471837
2013-04-17,-0.041562911967189156
2013-04-18,-0.03188659166920018
2013-04-19,0.006585080429220176
2013-04-20,0.0
2013-04-21,0.0
2013-04-22,0.014470051496935582
2013-04-23,0.005276089979238375
2013-04-24,0.030268663720621054
2013-04-25,-0.006923782256404451
2013-04-26,0.018045253966763656
2013-04-27,0.0
2013-04-28,0.0
2013-04-29,0.022725193493495405
2013-04-30,0.017597226889270193
2013-05-01,-0.01158321213380435
2013-05-02,0.008465276689136178
2013-05-03,-0.002932801336811722
2013-05-04,0.0
2013-05-05,0.0
2013-05-06,0.010976021614319462
2013-05-07,-0.013587091435664013
2013-05-08,0.010460496538313284
2013-05-09,-0.006616901361618465
2013-05-10,-0.010900046738332086
2013-05-11,0.0
2013-05-12,0.0
2013-05-13,0.007212759473096101
2013-05-14,-0.022014114635091363
2013-05-15,-0.02351651029608869
2013-05-16,0.026766846677623843
2013-05-17,-0.013249760598937978
2013-05-18,0.0
2013-05-19,0.0
2013-05-20,0.025541179177655412
2013-05-21,0.0034371455988834116
2013-05-22,-0.006111417160170721
2013-05-23,0.014221583137516093
2013-05-24,0.009727424053266872
2013-05-25,0.0
2013-05-26,0.0
2013-05-27,0.0
2013-05-28,-0.018810535259133378
2013-05-29,0.011241030630505387
2013-05-30,0.013293994545173828
2013-05-31,-0.006132481881303644
2013-06-01,0.0
2013-06-02,0.0
2013-06-03,-1.6960363630277213e-05
2013-06-04,-0.00858550079276727
2013-06-05,-0.0012007478944028045
2013-06-06,-0.01575343641137416
2013-06-07,0.012171841888649544
2013-06-08,0.0
2013-06-09,0.0
2013-06-10,-0.013098409969918236
2013-06-11,0.004192908896335103
2013-06-12,-0.016628400473109234
2013-06-13,0.00797157805429865
2013-06-14,-0.012325303743240488
2013-06-15,0.0
2013-06-16,0.0
2013-06-17,0.001257995357820037
2013-06-18,0.0004782739624111016
2013-06-19,-0.01947442099480807
2013-06-20,-0.005888680242839829
2013-06-21,-0.011873664212776035
2013-06-22,0.0
2013-06-23,0.0
2013-06-24,-0.01193424904300825
2013-06-25,-0.007574901074053156
2013-06-26,-0.014516342714385675
2013-06-27,-0.013671613212063161
2013-06-28,0.01324477588751655
2013-06-29,0.0
2013-06-30,0.0
2013-07-01,0.016230992653340107
2013-07-02,0.02081041266526203
2013-07-03,-0.00010898786601745843
2013-07-04,0.0
2013-07-05,-0.00707375618271741
2013-07-06,0.0
2013-07-07,0.0
2013-07-08,-0.011991847727189866
2013-07-09,0.02114446251663473
2013-07-10,0.0026963508171036683
2013-07-11,0.010284495535552952
2013-07-12,-0.0026991759469460583
2013-07-13,0.0
2013-07-14,0.0
2013-07-15,0.0057559133015559006
2013-07-16,0.008639076586668567
2013-07-17,0.001405418868192943
2013-07-18,-0.0037572101391755474
2013-07-19,-0.018833621633070927
2013-07-20,0.0
2013-07-21,0.0
2013-07-22,-0.007369170523317806
2013-07-23,-0.01650846058605038
2013-07-24,0.00358772510362597
2013-07-25,-0.0050648719905641015
2013-07-26,0.013100590053385822
2013-07-27,0.0
2013-07-28,0.0
2013-07-29,0.01581548599670509
2013-07-30,0.007492482033333943
2013-07-31,-0.00541021892904541
2013-08-01,0.002315397392661046
2013-08-02,0.009897684976549269
2013-08-03,0.0
2013-08-04,0.0
2013-08-05,0.010248901903367457
2013-08-06,-0.0059453808963804596
2013-08-07,0.0025217978935569148
2013-08-08,-0.006090672429883588
2013-08-09,-0.009074500322906402
2013-08-10,0.0
2013-08-11,0.0
2013-08-12,0.02292258847387764
2013-08-13,0.039557497863282255
2013-08-14,0.0012813276995592108
2013-08-15,0.002983202276412927
2013-08-16,0.004357993197278788
2013-08-17,0.0
2013-08-18,0.0
2013-08-19,0.0067157549201186245
2013-08-20,-0.016940314073720705
2013-08-21,-0.002473194492618354
2013-08-22,-0.003940323647957655
2013-08-23,-0.00448159828582655
2013-08-24,0.0
2013-08-25,0.0
2013-08-26,0.004458869206503229
2013-08-27,-0.01892518376185683
2013-08-28,0.010141734252183735
2013-08-29,0.00010812981756962792
2013-08-30,-0.009714250636874184
2013-08-31,0.0
2013-09-01,0.0
2013-09-02,0.0
2013-09-03,-0.009179398718580638
2013-09-04,-0.0017786020491926398
2013-09-05,-0.009913616420470808
2013-09-06,-0.00044185763042412787
2013-09-07,0.0
2013-09-08,0.0
2013-09-09,0.0023310373868319118
2013-09-10,-0.022834681109627556
2013-09-11,0.0014635098217770815
2013-09-12,0.008996741720566177
2013-09-13,-0.009465866248118977
2013-09-14,0.0
2013-09-15,0.0
2013-09-16,-0.023606741017742117
2013-09-17,0.016410673719187422
2013-09-18,0.0032135888901639723
2013-09-19,0.0033558671205690662
2013-09-20,-0.022226458859603258
2013-09-21,0.0
2013-09-22,0.0
2013-09-23,-0.011021476571708464
2013-09-24,-0.0116477141936375
2013-09-25,-0.016137291107421698
2013-09-26,0.00048442798431076533
2013-09-27,-0.002134940818184605
2013-09-28,0.0
2013-09-29,0.0
2013-09-30,-0.001028334572608295
2013-10-01,0.019904761904761755
2013-10-02,0.008100711548987533
2013-10-03,-0.014491856072335526
2013-10-04,-0.0017578554163920313
2013-10-05,0.0
2013-10-06,0.0
2013-10-07,0.0024036210394880035
2013-10-08,-0.01836839086695708
2013-10-09,0.004042873260624225
2013-10-10,-0.0034160290594327796
2013-10-11,0.011945605389557816
2013-10-12,0.0
2013-10-13,0.0
2013-10-14,0.012697871284826162
2013-10-15,0.0023202210315822805
2013-10-16,0.0006672530405509561
2013-10-17,0.009022419345039315
2013-10-18,0.005778698366954928
2013-10-19,0.0
2013-10-20,0.0
2013-10-21,0.01880240409586697
2013-10-22,-0.012421374574412895
2013-10-23,0.011516118175566019
2013-10-24,0.013148949096642694
2013-10-25,-0.01007689888796773
2013-10-26,0.0
2013-10-27,0.0
2013-10-28,0.0016077862792666594
2013-10-29,-0.03653666411759706
2013-10-30,0.010615121430555746
2013-10-31,-0.004386406454489129
2013-11-01,-0.008298214363296596
2013-11-02,0.0
2013-11-03,0.0
2013-11-04,0.010857525941471444
2013-11-05,0.0017084117561895066
2013-11-06,-0.006179775280898906
2013-11-07,-0.013659614043245723
2013-11-08,0.011606068609325892
2013-11-09,0.0
2013-11-10,0.0
2013-11-11,-0.0018730126464653039
2013-11-12,0.004579796388670214
2013-11-13,0.004794171220400634
2013-11-14,0.010268185953814806
2013-11-15,-0.003025393229428022
2013-11-16,0.0
2013-11-17,0.0
2013-11-18,-0.012095150434332307
2013-11-19,0.0010328624838160335
2013-11-20,-0.00808515588645878
2013-11-21,0.006841521764500064
2013-11-22,0.0005813277525867928
2013-11-23,0.0
2013-11-24,0.0
2013-11-25,0.00523150496340851
2013-11-26,0.017792825241319688
2013-11-27,0.018005969140669143
2013-11-28,0.0
2013-11-29,0.012037266056558726
2013-11-30,0.0
2013-12-01,0.0
2013-12-02,-0.01212383632820958
2013-12-03,0.014348502265197202
2013-12-04,-0.0008945379778102148
2013-12-05,-0.008293229613026445
2013-12-06,-0.010195230660421365
2013-12-07,0.0
2013-12-08,0.0
2013-12-09,0.009826488443780233
2013-12-10,0.003483200257221011
2013-12-11,-0.009960451149846263
2013-12-12,-0.0029947759289850415
2013-12-13,-0.014943592632835529
2013-12-14,0.0
2013-12-15,0.0
2013-12-16,0.0044483743708338755
2013-12-17,-0.0014671122340857703
2013-12-18,0.001977913301467027
2013-12-19,-0.008906114707458819
2013-12-20,0.006603172845316922
2013-12-21,0.0
2013-12-22,0.0
2013-12-23,0.00365545659976062
2013-12-24,-0.0038818229994701425
2013-12-25,0.0
2013-12-26,-0.007402780362031872
2013-12-27,-0.0066019417475727486
2013-12-28,0.0
2013-12-29,0.0
2013-12-30,-0.005241629645682096
2013-12-31,0.01233003624076952
2014-01-01,0.0
2014-01-02,-0.0045790532094136
2014-01-03,-0.021509341199606534
2014-01-04,0.0
2014-01-05,0.0
2014-01-06,0.012081875781458527
2014-01-07,-0.007851079176607505
2014-01-08,0.008631924106329606
2014-01-09,-0.018806699714171426
2014-01-10,-0.012755958375293808
2014-01-11,0.0
2014-01-12,0.0
2014-01-13,0.010928105320149258
2014-01-14,0.015178721732787273
2014-01-15,0.006943118264902473
2014-01-16,-0.0011701635507660288
2014-01-17,-0.01960542708889531
2014-01-18,0.0
2014-01-19,0.0
2014-01-20,0.0
2014-01-21,0.015131422828347733
2014-01-22,0.001096431116715069
2014-01-23,0.01134039018630632
2014-01-24,-0.014310246136233506
2014-01-25,0.0
2014-01-26,0.0
2014-01-27,5.4864416311258025e-05
2014-01-28,-0.004392994953992168
2014-01-29,-0.006516072980017198
2014-01-30,-0.005513656440611827
2014-01-31,0.010793834707971862
2014-02-01,0.0
2014-02-02,0.0
2014-02-03,-0.0021781583295778285
2014-02-04,0.005791390530777822
2014-02-05,0.011939542093965949
2014-02-06,0.004797009961888689
2014-02-07,-0.002736569206395102
2014-02-08,0.0
2014-02-09,0.0
2014-02-10,0.021152982425638688
2014-02-11,0.010085293576813639
2014-02-12,-0.001901007813701174
2014-02-13,0.018262724950167075
2014-02-14,0.002794725992335428
2014-02-15,0.0
2014-02-16,0.0
2014-02-17,0.0
2014-02-18,0.00019248484181864892
2014-02-19,-0.013516120143290284
2014-02-20,-0.003070941567588938
2014-02-21,-0.013796116231222332
2014-02-22,0.0
2014-02-23,0.0
2014-02-24,0.008436033916299534
2014-02-25,-0.01389302371737626
2014-02-26,-0.013439244310863133
2014-02-27,0.02036225363559847
2014-02-28,-0.005362234548111162
2014-03-01,0.0
2014-03-02,0.0
2014-03-03,0.009112696066472322
2014-03-04,0.00043816254416969484
2014-03-05,0.0027283779580988695
2014-03-06,-0.0038035669005155384
2014-03-07,-0.002343308865048151
2014-03-08,0.0
2014-03-09,0.0
2014-03-10,0.004815409309791313
2014-03-11,0.0011633774388876209
2014-03-12,0.003917658953044208
2014-03-13,-0.012638252709194518
2014-03-14,-0.007735653556271581
2014-03-15,0.0
2014-03-16,0.0
2014-03-17,-0.0009395151532404489
2014-03-18,0.010475538048752564
2014-03-19,-0.001889506190248097
2014-03-20,-0.002478156817763589
2014-03-21,0.0017495837683778176
2014-03-22,0.0
2014-03-23,0.0
2014-03-24,0.001407822474979776
2014-03-25,0.006417275360711775
2014-03-26,-0.012332454405625084
2014-03-27,-0.004476387749711575
2014-03-28,-0.0026769655480110015
2014-03-29,0.0
2014-03-30,0.0
2014-03-31,-0.004648767519868456
2014-04-01,0.007243646108110447
2014-04-02,0.0003321063847452593
2014-04-03,-0.004796694993969524
2014-04-04,-0.015122452950824145
2014-04-05,0.0
2014-04-06,0.0
2014-04-07,-0.00907863891454139
2014-04-08,-0.0033440514469452614
2014-04-09,0.01492408681538088
2014-04-10,-0.013577156434299204
2014-04-11,0.000563648976760546
2014-04-12,0.0
2014-04-13,0.0
2014-04-14,-0.00023014628673358184
2014-04-15,-0.004443226243886852
2014-04-16,0.0018399663880157274
2014-04-17,0.009205817846011644
2014-04-18,0.0
2014-04-19,0.0
2014-04-20,0.0
2014-04-21,0.011115079648546205
2014-04-22,0.006378475132470531
2014-04-23,-0.00818509376684538
2014-04-24,-0.000779320274215033
2014-04-25,0.013095269749262136
2014-04-26,0.0
2014-04-27,0.0
2014-04-28,0.03714671313827479
2014-04-29,-0.00236385700561255
2014-04-30,-0.004305923177264589
2014-05-01,-0.0009001356542464591
2014-05-02,0.00012667528058581132
2014-05-03,0.0
2014-05-04,0.0
2014-05-05,0.018327037786002295
2014-05-06,-0.01228439943628948
2014-05-07,-0.004854613774493618
2014-05-08,-0.0004567658440652333
2014-05-09,0.0017620920373868816
2014-05-10,0.0
2014-05-11,0.0
2014-05-12,0.009096337326743916
2014-05-13,0.003000693437559094
2014-05-14,0.002444094488189009
2014-05-15,-0.009902108433734957
2014-05-16,0.015088884944082339
2014-05-17,0.0
2014-05-18,0.0
2014-05-19,0.011310861423221049
2014-05-20,0.00029631092893459796
2014-05-21,0.004140914709517845
2014-05-22,0.001119683043569131
2014-05-23,0.011332210764370925
2014-05-24,0.0
2014-05-25,0.0
2014-05-26,0.0
2014-05-27,0.01619649156836816
2014-05-28,-0.003219114385864464
2014-05-29,0.011994626787603406
2014-05-30,-0.007779779592409816
2014-05-31,0.0
2014-06-01,0.0
2014-06-02,-0.008370713099989387
2014-06-03,0.014429585995581922
2014-06-04,0.011603807828764795
2014-06-05,0.0017902931460648335
2014-06-06,-0.006672408842951514
2014-06-07,0.0
2014-06-08,0.0
2014-06-09,0.010823805470565261
2014-06-10,-0.005087454696891389
2014-06-11,-0.002854489023810171
2014-06-12,-0.01851704861150479
2014-06-13,-0.010003122361893413
2014-06-14,0.0
2014-06-15,0.0
2014-06-16,0.0075619873228933735
2014-06-17,-0.0024949753967704875
2014-06-18,-0.0009591273097058208
2014-06-19,-0.004679051712186179
2014-06-20,-0.01022729911077059
2014-06-21,0.0
2014-06-22,0.0
2014-06-23,-0.005370945519930805
2014-06-24,-0.00519309623676751
2014-06-25,0.0016310514372165688
2014-06-26,0.005840294492425369
2014-06-27,0.012785141528816447
2014-06-28,0.0
2014-06-29,0.0
2014-06-30,0.00903018164557696
2014-07-01,0.0
2014-07-02,-0.004078155174372313
2014-07-03,0.003847423478389476
2014-07-04,0.0
2014-07-05,0.0
2014-07-06,0.0
2014-07-07,0.01941285733701806
2014-07-08,-0.009558090596965328
2014-07-09,-0.0005250868627735428
2014-07-10,0.013692242957706525
2014-07-11,-0.0014759157386287959
2014-07-12,0.0
2014-07-13,0.0
2014-07-14,0.006150937100272479
2014-07-15,-0.015266839235556488
2014-07-16,-0.022488343450338715
2014-07-17,-0.02042029912372241
2014-07-18,0.008655642111976572
2014-07-19,0.0
2014-07-20,0.0
2014-07-21,-0.011067584101292013
2014-07-22,0.00043919908106056097
2014-07-23,0.018560733042798254
2014-07-24,-9.888914526815813e-05
2014-07-25,0.008466179320063317
2014-07-26,0.0
2014-07-27,0.0
2014-07-28,0.012295484025680994
2014-07-29,-0.009575027640914799
2014-07-30,-0.0029461461808412913
2014-07-31,-0.016055045871559568
2014-08-01,0.012965709406318778
2014-08-02,0.0
2014-08-03,0.0
2014-08-04,-0.008076829457192847
2014-08-05,-0.002526946643409961
2014-08-06,0.002216920618486963
2014-08-07,-0.004738806804211195
2014-08-08,0.00506500084416684
2014-08-09,0.0
2014-08-10,0.0
2014-08-11,0.0075392273683973655
2014-08-12,-0.0007401433889728916
2014-08-13,0.011354608050847419
2014-08-14,0.0017768572518667542
2014-08-15,0.0008236428857845026
2014-08-16,0.0
2014-08-17,0.0
2014-08-18,0.0067972983162952055
2014-08-19,0.0113556319238405
2014-08-20,0.001193430849659242
2014-08-21,8.438996603314182e-05
2014-08-22,0.010187349913783157
2014-08-23,0.0
2014-08-24,0.0
2014-08-25,-0.0026470189772504257
2014-08-26,-0.005178636815399805
2014-08-27,0.011165614528954095
2014-08-28,0.006496083550913985
2014-08-29,-0.003064699205448324
2014-08-30,0.0
2014-08-31,0.0
2014-09-01,0.0
2014-09-02,0.002192621263279485
2014-09-03,-0.040319841931400625
2014-09-04,-0.007395004883493715
2014-09-05,0.0017396533579602854
2014-09-06,0.0
2014-09-07,0.0
2014-09-08,-0.00947720449178877
2014-09-09,-0.010986775178026561
2014-09-10,0.030375197557860226
2014-09-11,0.01003750858471132
2014-09-12,0.004497562509828462
2014-09-13,0.0
2014-09-14,0.0
2014-09-15,-0.011577752553916004
2014-09-16,0.010577791952373407
2014-09-17,0.0031118049516465018
2014-09-18,-0.0019972953292417277
2014-09-19,-0.01259832714140442
2014-09-20,0.0
2014-09-21,0.0
2014-09-22,-0.007337384180849924
2014-09-23,0.02030055365146319
2014-09-24,-0.0041227478062205265
2014-09-25,-0.026366342276920526
2014-09-26,0.022590961461844247
2014-09-27,0.0
2014-09-28,0.0
2014-09-29,0.014798404009335093
2014-09-30,-0.0004736243842881688
2014-10-01,-0.014058956916099607
2014-10-02,0.006359283485101096
2014-10-03,0.0018244670635683426
2014-10-04,0.0
2014-10-05,0.0
2014-10-06,-0.0033117854982007834
2014-10-07,-0.006850411344793474
2014-10-08,0.02060504490567666
2014-10-09,-0.005224496619750688
2014-10-10,0.00040036243336084154
2014-10-11,0.0
2014-10-12,0.0
2014-10-13,-0.014942095453498425
2014-10-14,-0.016390843954092973
2014-10-15,-0.004375135369287376
2014-10-16,0.007439567394707933
2014-10-17,0.0017301791116238225
2014-10-18,0.0
2014-10-19,0.0
2014-10-20,0.014139954268950265
2014-10-21,-0.005355083209754449
2014-10-22,0.0014957705797400045
2014-10-23,0.0071762043587286035
2014-10-24,0.00030259322392908364
2014-10-25,0.0
2014-10-26,0.0
2014-10-27,0.0025094610729968878
2014-10-28,0.012653131071137424
2014-10-29,0.00656585754078801
2014-10-30,0.00019841269841265895
2014-10-31,-9.823182711189494e-05
2014-11-01,0.0
2014-11-02,0.0
2014-11-03,0.010783256543476073
2014-11-04,-0.006985543805180934
2014-11-05,-0.002139869662484183
2014-11-06,0.0016551455554473927
2014-11-07,0.00242883513067133
2014-11-08,0.0
2014-11-09,0.0
2014-11-10,-0.001744355073165933
2014-11-11,0.009427543979006695
2014-11-12,0.016900048285852245
2014-11-13,0.009164777021919868
2014-11-14,0.009150326797385658
2014-11-15,0.0
2014-11-16,0.0
2014-11-17,-0.0024036239253028115
2014-11-18,0.01353606526979412
2014-11-19,-0.006862475981334065
2014-11-20,0.012134583563154928
2014-11-21,-0.008810572687224705
2014-11-22,0.0
2014-11-23,0.0
2014-11-24,0.015095362921449893
2014-11-25,-0.012507761908986169
2014-11-26,0.00913651021139373
2014-11-27,0.0
2014-11-28,-0.0027455495527411414
2014-11-29,0.0
2014-11-30,0.0
2014-12-01,-0.03138614741708901
2014-12-02,0.00995904690990327
2014-12-03,0.0014602537190837894
2014-12-04,-0.0021901806899068707
2014-12-05,-0.008379633846434116
2014-12-06,0.0
2014-12-07,0.0
2014-12-08,-0.014907407407407402
2014-12-09,0.035467791411042976
2014-12-10,-0.021329639889196696
2014-12-11,-0.0056459960478027135
2014-12-12,-0.006502821076790596
2014-12-13,0.0
2014-12-14,0.0
2014-12-15,-0.022239190607998456
2014-12-16,0.0036750099324591805
2014-12-17,0.021297574442910635
2014-12-18,0.006892644698328808
2014-12-19,-0.004234497035852102
2014-12-20,0.0
2014-12-21,0.0
2014-12-22,0.006969297419476312
2014-12-23,-0.005971820472147061
2014-12-24,-0.004973257014168968
2014-12-25,0.0
2014-12-26,0.016771883539055885
2014-12-27,0.0
2014-12-28,0.0
2014-12-29,0.0011139992573338706
2014-12-30,-0.009854048526540747
2014-12-31,-0.021720812657990893
2015-01-01,0.0
2015-01-02,-0.018399089529590268
2015-01-03,0.0
2015-01-04,0.0
2015-01-05,-0.018827431470100544
2015-01-06,-0.0037634941071604975
2015-01-07,0.005123657503202387
2015-01-08,0.02446808510638299
2015-01-09,-0.005812863303956407
2015-01-10,0.0
2015-01-11,0.0
2015-01-12,-0.02974012571535793
2015-01-13,-0.010712931361395617
2015-01-14,0.007169847882957167
2015-01-15,-0.028999423852506204
2015-01-16,-0.009967433139248052
2015-01-17,0.0
2015-01-18,0.0
2015-01-19,0.0
2015-01-20,0.00783545543584732
2015-01-21,0.0057209347425579695
2015-01-22,0.019061302681992288
2015-01-23,0.005924950625411412
2015-01-24,0.0
2015-01-25,0.0
2015-01-26,-0.005665459273706691
2015-01-27,-0.02913260031951879
2015-01-28,-0.019579665888270224
2015-01-29,0.02234129506856774
2015-01-30,-0.010438972162740914
2015-01-31,0.0
2015-02-01,0.0
2015-02-02,0.004921700223713621
2015-02-03,0.001337255950788905
2015-02-04,0.00891503967192654
2015-02-05,-0.0006137120813607521
2015-02-06,-0.009118008065930267
2015-02-07,0.0
2015-02-08,0.0
2015-02-09,0.009673411430599833
2015-02-10,0.015322651256457404
2015-02-11,0.017142367360932543
2015-02-12,0.0032554257095158646
2015-02-13,-0.001570767195767177
2015-02-14,0.0
2015-02-15,0.0
2015-02-16,0.0
2015-02-17,0.002723671178606787
2015-02-18,0.008326463314097322
2015-02-19,-0.000245700245700255
2015-02-20,0.006954671903125465
2015-02-21,0.0
2015-02-22,0.0
2015-02-23,0.022736467351727505
2015-02-24,-0.005778059205319012
2015-02-25,-0.021194913220827047
2015-02-26,0.012665468213760512
2015-02-27,-0.012057942866391478
2015-02-28,0.0
2015-03-01,0.0
2015-03-02,-0.001302613368069662
2015-03-03,0.0031823745410036767
2015-03-04,-0.004238669709814234
2015-03-05,-0.01677715033963497
2015-03-06,-0.013932142271758752
2015-03-07,0.0
2015-03-08,0.0
2015-03-09,-0.006577865482650973
2015-03-10,-0.015148992841684762
2015-03-11,-0.01999493799038222
2015-03-12,0.004818033210014646
2015-03-13,-0.0063441042124851976
2015-03-14,0.0
2015-03-15,0.0
2015-03-16,0.00857895183895346
2015-03-17,0.008857691986295666
2015-03-18,0.011599966857237598
2015-03-19,-0.009644462607274154
2015-03-20,-0.01837421048314326
2015-03-21,0.0
2015-03-22,0.0
2015-03-23,0.0007450331125828097
2015-03-24,-0.004218013398395426
2015-03-25,-0.02486279727257616
2015-03-26,0.012086404937424966
2015-03-27,-0.010725445486023107
2015-03-28,0.0
2015-03-29,0.0
2015-03-30,0.018746288913393788
2015-03-31,-0.013268797463072714
2015-04-01,-0.004552352048558474
2015-04-02,0.0023565056387813595
2015-04-03,0.0
2015-04-04,0.0
2015-04-05,0.0
2015-04-06,0.023165370307744293
2015-04-07,-0.012777182425191633
2015-04-08,-0.0020899515131248955
2015-04-09,0.005517471994649695
2015-04-10,0.009022556390977429
2015-04-11,0.0
2015-04-12,0.0
2015-04-13,-0.011886220181982037
2015-04-14,-0.005468555804126246
2015-04-15,0.002830031629765302
2015-04-16,-0.0008332638946755148
2015-04-17,-0.0064532349983238025
2015-04-18,0.0
2015-04-19,0.0
2015-04-20,0.01634260811263831
2015-04-21,-0.009445585215605797
2015-04-22,0.01267710663683819
2015-04-23,0.010660980810234519
2015-04-24,-0.0013710783127671724
2015-04-25,0.0
2015-04-26,0.0
2015-04-27,0.0025449339907746733
2015-04-28,-0.029112537173266544
2015-04-29,-0.011962495958616263
2015-04-30,-0.01840389535363542
2015-05-01,0.022530040053404563
2015-05-02,0.0
2015-05-03,0.0
2015-05-04,-0.006256601933858748
2015-05-05,-0.018228097544954535
2015-05-06,-0.012304622547389458
2015-05-07,0.004031242126480255
2015-05-08,0.007444784514848256
2015-05-09,0.0
2015-05-10,0.0
2015-05-11,-0.008554038493173153
2015-05-12,0.002169197396963166
2015-05-13,-0.0010798239056399655
2015-05-14,0.012088815789473675
2015-05-15,-0.0023542782919305587
2015-05-16,0.0
2015-05-17,0.0
2015-05-18,0.014039670231001541
2015-05-19,-0.004890955740859521
2015-05-20,0.0004837149306674303
2015-05-21,0.010474579002497762
2015-05-22,0.007085987261146501
2015-05-23,0.0
2015-05-24,0.0
2015-05-25,0.0
2015-05-26,-0.022285443338074973
2015-05-27,0.013186459757176172
2015-05-28,-0.0006357784312167075
2015-05-29,-0.007504990019960062
2015-05-30,0.0
2015-05-31,0.0
2015-06-01,-0.005190864079220617
2015-06-02,0.0006455777921239371
2015-06-03,-0.004250541342529482
2015-06-04,-0.001697930142302781
2015-06-05,-0.006956240394726195
2015-06-06,0.0
2015-06-07,0.0
2015-06-08,-0.008535197528857074
2015-06-09,0.005789430154660515
2015-06-10,0.007453517896633603
2015-06-11,-0.004704355584394618
2015-06-12,-0.007766514061477998
2015-06-13,0.0
2015-06-14,0.0
2015-06-15,0.006481635366461701
2015-06-16,0.00461969971951825
2015-06-17,-0.0032816473869883146
2015-06-18,0.004941118339784191
2015-06-19,-0.009104330708661413
2015-06-20,0.0
2015-06-21,0.0
2015-06-22,0.0008218277449046212
2015-06-23,-0.003616339278375916
2015-06-24,0.0069187052137386
2015-06-25,-0.01048951048951054
2015-06-26,-0.00722258699934348
2015-06-27,0.0
2015-06-28,0.0
2015-06-29,-0.00743339179821265
2015-06-30,-0.0010848702328298044
2015-07-01,-0.0023947151114780516
2015-07-02,8.2884376294993e-05
2015-07-03,0.0
2015-07-04,0.0
2015-07-05,0.0
2015-07-06,0.008554893902541274
2015-07-07,-0.001664585934248879
2015-07-08,-0.01532115497937543
2015-07-09,-0.03045942973178775
2015-07-10,0.01099939847039616
2015-07-11,0.0
2015-07-12,0.0
2015-07-13,0.005028494803888775
2015-07-14,-0.0034915620583589797
2015-07-15,0.008668111351891916
2015-07-16,0.0056585205838937
2015-07-17,0.004302297264388352
2015-07-18,0.0
2015-07-19,0.0
2015-07-20,0.008320665653252311
2015-07-21,-0.015775358889414733
2015-07-22,0.026541831300463867
2015-07-23,-0.008137507265631519
2015-07-24,-0.006688403979600344
2015-07-25,0.0
2015-07-26,0.0
2015-07-27,-0.002638747020769512
2015-07-28,0.0
2015-07-29,-0.0012761613067892265
2015-07-30,0.0004283389017390316
2015-07-31,-0.010598290598290554
2015-08-01,0.0
2015-08-02,0.0
2015-08-03,-0.02526951272100049
2015-08-04,-0.02364804568980908
2015-08-05,0.021614100185528742
2015-08-06,-0.007196186021408628
2015-08-07,0.008193736343772682
2015-08-08,0.0
2015-08-09,0.0
2015-08-10,0.027481872706114113
2015-08-11,-0.03657132737093783
2015-08-12,0.024008157211716754
2015-08-13,-0.007731032002876659
2015-08-14,0.014326124646409281
2015-08-15,0.0
2015-08-16,0.0
2015-08-17,0.009708737864077655
2015-08-18,0.0006271839440910975
2015-08-19,-0.009433962264150919
2015-08-20,-0.012709152418396274
2015-08-21,-0.042221592519127216
2015-08-22,0.0
2015-08-23,0.0
2015-08-24,0.08693978976997857
2015-08-25,-0.06626607830250673
2015-08-26,0.024454403741231538
2015-08-27,0.006134399107723734
2015-08-28,0.009856797470708462
2015-08-29,0.0
2015-08-30,0.0
2015-08-31,0.006424581005586571
2015-09-01,-0.02215909090909081
2015-09-02,0.01911430734292199
2015-09-03,-0.01882418397626114
2015-09-04,0.0025844740116779557
2015-09-05,0.0
2015-09-06,0.0
2015-09-07,0.0
2015-09-08,0.005979631878912459
2015-09-09,-0.03181443109929402
2015-09-10,0.02080968596292095
2015-09-11,0.021743187756625593
2015-09-12,0.0
2015-09-13,0.0
2015-09-14,-0.010916249105225472
2015-09-15,0.0028789923526765016
2015-09-16,0.0013460157932520251
2015-09-17,-0.01497113997113994
2015-09-18,0.01106256391187145
2015-09-19,0.0
2015-09-20,0.0
2015-09-21,0.013396953569462229
2015-09-22,0.00018400956849752527
2015-09-23,0.00596658711217189
2015-09-24,0.015475313190862127
2015-09-25,-0.0148718867586455
2015-09-26,0.0
2015-09-27,0.0
2015-09-28,-0.012368300503893802
2015-09-29,-0.03337647928994082
2015-09-30,0.0011361484567315881
2015-10-01,0.004590665646518783
2015-10-02,0.02192177691936259
2015-10-03,0.0
2015-10-04,0.0
2015-10-05,0.008259755055539775
2015-10-06,0.006128606449179629
2015-10-07,-0.008495938754551364
2015-10-08,-0.00643695569859908
2015-10-09,0.019345661450924534
2015-10-10,0.0
2015-10-11,0.0
2015-10-12,-0.009901906348325072
2015-10-13,0.008659638554216883
2015-10-14,-0.009654138157278107
2015-10-15,0.0082745651151858
2015-10-16,-0.006626224918338851
2015-10-17,0.0
2015-10-18,0.0
2015-10-19,0.008284692148371263
2015-10-20,0.021922428330522797
2015-10-21,-0.002104300091491345
2015-10-22,0.010218978102189823
2015-10-23,0.02047018861178146
2015-10-24,0.0
2015-10-25,0.0
2015-10-26,-0.02367700326883994
2015-10-27,-0.007322364852648727
2015-10-28,0.019982158786797585
2015-10-29,0.015379207311714561
2015-10-30,-0.012158316806070506
2015-10-31,0.0
2015-11-01,0.0
2015-11-02,0.010790114862513007
2015-11-03,0.014766839378238411
2015-11-04,-0.009234157912572039
2015-11-05,-0.007671326287078005
2015-11-06,-0.00034305317324178426
2015-11-07,0.0
2015-11-08,0.0
2015-11-09,-0.0033487892838742965
2015-11-10,-0.0011549395877753683
2015-11-11,-0.0022313459478757584
2015-11-12,-0.00464576074332181
2015-11-13,-0.02488504192588577
2015-11-14,0.0
2015-11-15,0.0
2015-11-16,0.02508626317261958
2015-11-17,-0.010575793184488853
2015-11-18,0.013100044863167282
2015-11-19,0.009801324503311254
2015-11-20,0.000784177049751707
2015-11-21,0.0
2015-11-22,0.0
2015-11-23,-0.012888617956979919
2015-11-24,0.013280212483399735
2015-11-25,-0.010019167102282678
2015-11-26,0.0
2015-11-27,-0.004214593028360734
2015-11-28,0.0
2015-11-29,0.0
2015-11-30,0.002729113478299166
2015-12-01,-0.01207032274993436
2015-12-02,-0.006654835847382431
2015-12-03,-0.01158542019427856
2015-12-04,0.03243243243243238
2015-12-05,0.0
2015-12-06,0.0
2015-12-07,-0.005848974247053704
2015-12-08,0.00618757182003008
2015-12-09,-0.017130242825607045
2015-12-10,0.001074113856068784
2015-12-11,-0.01740306582506769
2015-12-12,0.0
2015-12-13,0.0
2015-12-14,0.0027780350032411464
2015-12-15,-0.013082204490629027
2015-12-16,0.0023377594913035348
2015-12-17,-0.02726008344923503
2015-12-18,-0.02623044639450591
2015-12-19,0.0
2015-12-20,0.0
2015-12-21,0.00048412083656077805
2015-12-22,-0.0016441005802708094
2015-12-23,0.012491527064975368
2015-12-24,-0.008767749928523793
2015-12-25,0.0
2015-12-26,0.0
2015-12-27,0.0
2015-12-28,-0.007336615503427021
2015-12-29,0.016606778673400095
2015-12-30,-0.011575624222711259
2015-12-31,-0.01621044457386917
