,Date,Growth,Score
0,2010-01-01,0.0,0.0
1,2010-01-02,0.0,0.0
2,2010-01-03,0.0,0.0
3,2010-01-04,0.002377381953842262,0.0
4,2010-01-05,-0.0019630652900975,0.0
5,2010-01-06,-0.015917534785459354,0.0
6,2010-01-07,-0.0051645270768775646,0.0
7,2010-01-08,0.007459363170786035,0.0
8,2010-01-09,0.0,0.0
9,2010-01-10,0.0,0.0
10,2010-01-11,-0.013456038718193314,0.0
11,2010-01-12,-0.007647541595165198,0.0
12,2010-01-13,0.012231727450097709,0.0
13,2010-01-14,-0.0028999516674720546,0.0
14,2010-01-15,-0.025966830421453087,0.0
15,2010-01-16,0.0,0.0
16,2010-01-17,0.0,0.0
17,2010-01-18,0.0,0.0
18,2010-01-19,0.03192565668677648,0.0
19,2010-01-20,-0.014860298659303215,0.0
20,2010-01-21,-0.019935998822966792,0.0
21,2010-01-22,-0.043765576618080164,0.0
22,2010-01-23,0.0,0.0
23,2010-01-24,0.0,0.0
24,2010-01-25,0.0011934552454282506,0.0
25,2010-01-26,0.00034140050072074737,0.0
26,2010-01-27,0.005059276598957952,0.0
27,2010-01-28,-0.02939834182703277,0.0
28,2010-01-29,-0.04603987277945845,0.0
29,2010-01-30,0.0,0.0
30,2010-01-31,0.0,0.0
31,2010-02-01,0.011109759558853237,0.0
32,2010-02-02,-0.0003985492806184692,0.0
33,2010-02-03,0.020315936812637582,0.0
34,2010-02-04,-0.02439604903010823,0.2263
35,2010-02-05,0.014426973577565168,0.0
36,2010-02-06,0.0,0.0
37,2010-02-07,0.0,0.0
38,2010-02-08,-0.007980845969672756,0.0
39,2010-02-09,-0.0014307857398353726,0.0
40,2010-02-10,-0.0034694528632955714,0.0
41,2010-02-11,0.01992463117382923,0.5574
42,2010-02-12,0.01111154891839696,0.0
43,2010-02-13,0.0,0.0
44,2010-02-14,0.0,0.0
45,2010-02-15,0.0,0.0
46,2010-02-16,0.007192019178717945,0.0
47,2010-02-17,-0.00829637559259821,0.0
48,2010-02-18,0.0064676038883081655,0.0
49,2010-02-19,-0.0008510967542265473,0.0
50,2010-02-20,0.0,0.0
51,2010-02-21,0.0,0.0
52,2010-02-22,-0.010066725807073677,0.0
53,2010-02-23,-0.01417968750000012,0.0
54,2010-02-24,0.01093627065302906,0.0
55,2010-02-25,0.02342142744105089,0.0
56,2010-02-26,0.010606294353594652,0.0
57,2010-02-27,0.0,0.0
58,2010-02-28,0.0,0.0
59,2010-03-01,0.015826628207074464,0.0
60,2010-03-02,-0.005169784654293741,0.0
61,2010-03-03,0.0007466029565478246,0.0
62,2010-03-04,0.006377265607518438,0.0
63,2010-03-05,0.018377946464242918,0.0
64,2010-03-06,0.0,0.0
65,2010-03-07,0.0,0.0
66,2010-03-08,-0.004117709701466034,0.0
67,2010-03-09,0.02222779010666471,0.0
68,2010-03-10,0.0050261780104712715,0.0
69,2010-03-11,0.007325240686479603,0.0
70,2010-03-12,-0.0019603796945934318,0.0
71,2010-03-13,0.0,0.0
72,2010-03-14,0.0,0.0
73,2010-03-15,-0.007341228616940224,0.0
74,2010-03-16,0.0011843388602478528,0.0
75,2010-03-17,-0.003056829234403257,0.0
76,2010-03-18,0.003278116826503965,0.0
77,2010-03-19,-0.01286675452590687,0.0
78,2010-03-20,0.0,0.0516
79,2010-03-21,0.0,0.0
80,2010-03-22,0.01933633176328941,0.0
81,2010-03-23,0.01193812934703619,0.0
82,2010-03-24,0.0066145726232091934,0.0
83,2010-03-25,-0.0181971926264165,0.0
84,2010-03-26,0.008320261883652723,0.0
85,2010-03-27,0.0,0.0
86,2010-03-28,0.0,0.0
87,2010-03-29,-0.002246362234292234,0.0
88,2010-03-30,-0.0034643175294467128,0.0
89,2010-03-31,-0.0036419017348695354,0.0
90,2010-04-01,-0.007162335315569749,0.0
91,2010-04-02,0.0,0.0
92,2010-04-03,0.0,0.0
93,2010-04-04,0.0,0.0
94,2010-04-05,0.014953643704515974,-0.128
95,2010-04-06,0.005276439550355514,0.0
96,2010-04-07,0.00364820846905532,0.0
97,2010-04-08,-0.0018839120407964343,0.0
98,2010-04-09,0.0012935355560585696,0.0
99,2010-04-10,0.0,-0.3818
100,2010-04-11,0.0,0.0
101,2010-04-12,-0.0026038318117527024,0.5267
102,2010-04-13,0.0008381689232752999,-0.2732
103,2010-04-14,0.002165881003949592,0.0
104,2010-04-15,0.012000761953139772,0.0
105,2010-04-16,-0.006429153860628547,-0.296
106,2010-04-17,0.0,0.0
107,2010-04-18,0.0,0.0
108,2010-04-19,0.0021220663224907413,0.0
109,2010-04-20,-0.01854869031206914,0.0
110,2010-04-21,0.003719045747286232,0.0
111,2010-04-22,0.032119525768207036,0.0
112,2010-04-23,0.014271509621570812,0.0
113,2010-04-24,0.0,0.0
114,2010-04-25,0.0,0.0
115,2010-04-26,-0.00904418731516833,0.0
116,2010-04-27,-0.01857159569489954,0.0
117,2010-04-28,-0.0052555004602276405,0.0
118,2010-04-29,0.02119511977914325,0.0
119,2010-04-30,-0.03201806444142088,0.0
120,2010-05-01,0.0,0.0
121,2010-05-02,0.0,0.0
122,2010-05-03,0.007324060128171191,0.0
123,2010-05-04,-0.0144297997679331,0.0
124,2010-05-05,0.012289640265555141,0.0
125,2010-05-06,-0.030406444075508743,0.0
126,2010-05-07,-0.03331519825903288,0.0
127,2010-05-08,0.0,-0.6597
128,2010-05-09,0.0,0.0
129,2010-05-10,0.011223728391990956,0.0
130,2010-05-11,0.018003222607833512,0.0
131,2010-05-12,0.009473969141929009,0.0
132,2010-05-13,-0.018598718557190183,0.0
133,2010-05-14,-0.005568303503136061,0.4019
134,2010-05-15,0.0,0.0
135,2010-05-16,0.0,0.0
136,2010-05-17,0.00018433746044426027,0.0
137,2010-05-18,-0.018227109787957784,0.0
138,2010-05-19,-0.004507324402153448,0.0
139,2010-05-20,-0.01507407647020771,0.0
140,2010-05-21,0.0460812405191302,0.0
141,2010-05-22,0.0,0.0
142,2010-05-23,0.0,0.0
143,2010-05-24,-0.0020528044466902877,0.0
144,2010-05-25,0.022133975652626776,0.0
145,2010-05-26,-0.024311840709069343,0.0
146,2010-05-27,0.010496153486778686,0.0
147,2010-05-28,-0.008858089786080053,-0.1531
148,2010-05-29,0.0,0.0
149,2010-05-30,0.0,0.0
150,2010-05-31,0.0,0.0
151,2010-06-01,0.0043599843641940975,0.0
152,2010-06-02,-0.0029495914815796326,0.0
153,2010-06-03,-0.007802838466521423,0.0
154,2010-06-04,-0.009697885196374559,0.0
155,2010-06-05,0.0,0.0
156,2010-06-06,0.0,0.0
157,2010-06-07,-0.028833076434853375,-0.5719
158,2010-06-08,-0.016086782335356976,0.0
159,2010-06-09,-0.03327539111000742,0.0
160,2010-06-10,0.023381180223285388,0.3612
161,2010-06-11,0.02152161600906188,0.0
162,2010-06-12,0.0,0.0
163,2010-06-13,0.0,0.0
164,2010-06-14,-0.00710474157645995,0.3612
165,2010-06-15,0.016039839907121645,0.0
166,2010-06-16,0.02387434554973828,0.0
167,2010-06-17,0.0043270062885826365,0.0
168,2010-06-18,0.0067406706250179105,0.0
169,2010-06-19,0.0,0.0
170,2010-06-20,0.0,0.0
171,2010-06-21,-0.027242823807247917,0.0
172,2010-06-22,0.005908843186186016,0.0
173,2010-06-23,-0.013111117431244802,0.0
174,2010-06-24,-0.007291066282420956,0.0
175,2010-06-25,-0.012318903444087646,0.0
176,2010-06-26,0.0,0.0
177,2010-06-27,0.0,0.0
178,2010-06-28,0.004942821210259921,0.0
179,2010-06-29,-0.03101370510396988,0.0
180,2010-06-30,-0.02022690634790276,0.0
181,2010-07-01,-0.0220945239997542,0.0
182,2010-07-02,-0.014951873656667612,0.0
183,2010-07-03,0.0,0.0
184,2010-07-04,0.0,0.0
185,2010-07-05,0.0,0.0
186,2010-07-06,0.006925339151883048,0.0
187,2010-07-07,0.032092226203458515,0.0
188,2010-07-08,-0.017070124308570692,0.0
189,2010-07-09,0.01057782911334688,0.0
190,2010-07-10,0.0,0.0
191,2010-07-11,0.0,0.0
192,2010-07-12,-0.004772260480850586,0.0
193,2010-07-13,-0.017158879644021678,0.0
194,2010-07-14,0.014258853024130425,0.0
195,2010-07-15,0.012737851863500585,0.0
196,2010-07-16,-0.012435584904495905,0.0
197,2010-07-17,0.0,0.0
198,2010-07-18,0.0,0.0
199,2010-07-19,-0.016665624413732653,0.0
200,2010-07-20,0.03890248615226068,0.0
201,2010-07-21,-0.04066478076379074,0.0
202,2010-07-22,0.0050599927281542115,0.0
203,2010-07-23,0.010595342906585013,0.0
204,2010-07-24,0.0,0.0
205,2010-07-25,0.0,0.0
206,2010-07-26,-0.002673234613882757,0.0
207,2010-07-27,0.013120843568390222,0.0
208,2010-07-28,-0.010335228618810607,0.0
209,2010-07-29,-0.009943990175816956,0.0
210,2010-07-30,0.005923664122137485,0.0
211,2010-07-31,0.0,0.0
212,2010-08-01,0.0,-0.2732
213,2010-08-02,0.005396977692492196,0.0
214,2010-08-03,0.00035786711201263153,0.0
215,2010-08-04,0.0008321198252547979,0.0
216,2010-08-05,0.000836195311333606,-0.1027
217,2010-08-06,0.0015034428842047435,0.0
218,2010-08-07,0.0,0.0
219,2010-08-08,0.0,0.0
220,2010-08-09,0.0010153496983815933,0.0
221,2010-08-10,-0.0016528428897703968,0.0
222,2010-08-11,-0.01946382666177019,0.0
223,2010-08-12,0.021121631463947608,0.0
224,2010-08-13,-0.007652585080569969,0.0
225,2010-08-14,0.0,0.0
226,2010-08-15,0.0,0.0
227,2010-08-16,-0.00034672970843181185,0.0
228,2010-08-17,0.007399313143927405,0.0
229,2010-08-18,0.0020406901242966576,0.4019
230,2010-08-19,-0.011460521438280065,0.0
231,2010-08-20,0.0011273604108601699,0.0
232,2010-08-21,0.0,0.0
233,2010-08-22,0.0,0.0
234,2010-08-23,-0.02366551905958246,-0.5423
235,2010-08-24,-0.012660668380462786,0.0
236,2010-08-25,0.0123673761635097,0.0
237,2010-08-26,-0.021091140448544626,-0.4767
238,2010-08-27,0.0003556187766714983,0.0
239,2010-08-28,0.0,0.0
240,2010-08-29,0.0,0.0
241,2010-08-30,0.0073305222186182,-0.5994
242,2010-08-31,0.00545812744243119,0.0
243,2010-09-01,0.011452549217566872,0.0
244,2010-09-02,0.003137425447316075,0.0
245,2010-09-03,0.01507029742395946,0.25
246,2010-09-04,0.0,-0.2023
247,2010-09-05,0.0,0.0
248,2010-09-06,0.0,0.0
249,2010-09-07,0.004992085717764565,0.0
250,2010-09-08,0.012235817575083316,0.0
251,2010-09-09,-0.007717003917410399,0.0
252,2010-09-10,0.0007713760161396593,0.0
253,2010-09-11,0.0,0.0
254,2010-09-12,0.0,0.0
255,2010-09-13,0.004081153292815494,0.0
256,2010-09-14,0.007129026579827556,0.0
257,2010-09-15,0.008304195804195705,0.0
258,2010-09-16,0.023315613082168302,0.0
259,2010-09-17,-0.007794034890264321,0.0
260,2010-09-18,0.0,0.0
261,2010-09-19,0.0,0.0
262,2010-09-20,0.025820865974716386,0.0
263,2010-09-21,-0.00013756671985900657,0.0
264,2010-09-22,0.01711288987027338,0.0
265,2010-09-23,0.008504143044047034,0.2263
266,2010-09-24,0.0010696903246509909,0.0
267,2010-09-25,0.0,0.0
268,2010-09-26,0.0,0.0
269,2010-09-27,-0.0096416903503413,0.0
270,2010-09-28,-0.016597066067030854,0.0
271,2010-09-29,0.0007341944255608707,0.0
272,2010-09-30,-0.018130724958793788,0.0
273,2010-10-01,-0.01328169743911424,0.6369
274,2010-10-02,0.0,0.0
275,2010-10-03,0.0,0.0
276,2010-10-04,-0.010783389698952038,0.0
277,2010-10-05,0.02336965540129429,0.0
278,2010-10-06,-0.0017520215633424485,0.0
279,2010-10-07,-0.003819154944729725,0.0
280,2010-10-08,0.0079758049407168,0.0
281,2010-10-09,0.0,0.0
282,2010-10-10,0.0,0.0
283,2010-10-11,0.0019602129744908797,0.0
284,2010-10-12,0.010600052868094194,0.0
285,2010-10-13,0.0003383302102851896,0.0
286,2010-10-14,0.002485758674262134,0.0
287,2010-10-15,0.02374844428640357,0.4588
288,2010-10-16,0.0,0.0
289,2010-10-17,0.0,0.0
290,2010-10-18,-0.0014956112391506875,0.0
291,2010-10-19,0.019812170333204582,0.0
292,2010-10-20,0.0049277266754270774,-0.2732
293,2010-10-21,-0.008901112639079748,-0.296
294,2010-10-22,-0.005003411416875153,0.0
295,2010-10-23,0.0,0.0
296,2010-10-24,0.0,0.0
297,2010-10-25,-0.0009093894460301176,0.0
298,2010-10-26,0.003842336955138893,0.0
299,2010-10-27,0.0010157182397602688,0.5106
300,2010-10-28,-0.00882397687509506,0.0
301,2010-10-29,-0.011032996356545382,0.0
302,2010-10-30,0.0,0.0
303,2010-10-31,0.0,0.0
304,2010-11-01,0.00513495381121962,0.0
305,2010-11-02,0.00688761246378287,0.0
306,2010-11-03,0.004211581850087722,0.0
307,2010-11-04,0.0100364285183258,0.4939
308,2010-11-05,-0.0027747765445439213,0.0
309,2010-11-06,0.0,0.0
310,2010-11-07,0.0,0.0
311,2010-11-08,0.0046784201713780385,0.0
312,2010-11-09,-0.015373762436449391,-0.4019
313,2010-11-10,0.004265706677187143,0.5574
314,2010-11-11,0.0052056220718376045,0.0
315,2010-11-12,-0.0236616092864392,0.0
316,2010-11-13,0.0,0.0
317,2010-11-14,0.0,0.0
318,2010-11-15,-0.004683070068853665,0.0
319,2010-11-16,-0.012931915763647522,0.0
320,2010-11-17,-0.001919236455118162,0.0
321,2010-11-18,0.009688386717452004,0.0
322,2010-11-19,-0.004157793327248796,0.0
323,2010-11-20,0.0,0.0
324,2010-11-21,0.0,0.0
325,2010-11-22,0.021769019248396068,0.5106
326,2010-11-23,-0.005683675778990674,0.0
327,2010-11-24,0.00901036191620362,0.5859
328,2010-11-25,0.0,0.0
329,2010-11-26,0.004607262041141484,0.0
330,2010-11-27,0.0,0.0
331,2010-11-28,0.0,0.0
332,2010-11-29,0.0019754549719731905,-0.5994
333,2010-11-30,-0.0075959455084302465,0.0
334,2010-12-01,0.002325293753865212,0.2023
335,2010-12-02,0.002041318248893397,0.0
336,2010-12-03,0.001650815552160848,0.0
337,2010-12-04,0.0,0.0
338,2010-12-05,0.0,0.0
339,2010-12-06,0.005050009805844359,0.0
340,2010-12-07,-0.017479566988933663,0.0
341,2010-12-08,0.003931623931623965,0.0
342,2010-12-09,-0.008354926985203275,0.0
343,2010-12-10,0.0028093318675948427,0.0
344,2010-12-11,0.0,-0.5106
345,2010-12-12,0.0,0.0
346,2010-12-13,-0.008281772877193684,0.0
347,2010-12-14,-0.00528677094701112,0.0
348,2010-12-15,0.0007806020393229152,0.0
349,2010-12-16,0.00046206225680929844,0.0
350,2010-12-17,-0.002405481582272593,0.0
351,2010-12-18,0.0,0.0
352,2010-12-19,0.0,0.0
353,2010-12-20,0.0025267863650721913,0.0
354,2010-12-21,0.00340777262180953,0.0
355,2010-12-22,0.002503791800082007,0.0
356,2010-12-23,-0.004252865277877883,0.0
357,2010-12-24,0.0,0.2263
358,2010-12-25,0.0,0.0
359,2010-12-26,0.0,0.0
360,2010-12-27,0.004638913721037167,-0.2732
361,2010-12-28,-0.0014135460839981193,0.0
362,2010-12-29,-0.0025858972824136022,0.5106
363,2010-12-30,-0.005279577633789269,0.0
364,2010-12-31,-0.0013780098636496027,0.0
365,2011-01-01,0.0,0.0
366,2011-01-02,0.0,0.0
367,2011-01-03,0.014519230769230581,0.0
368,2011-01-04,-0.0035933206510249563,0.0
369,2011-01-05,0.012115475627070528,0.0
370,2011-01-06,-0.003799356673348651,0.0
371,2011-01-07,0.0060298688854091825,0.0
372,2011-01-08,0.0,0.0
373,2011-01-09,0.0,0.0
374,2011-01-10,0.01064687852879488,0.0
375,2011-01-11,-0.009597971749366321,0.5719
376,2011-01-12,0.0029104138244658304,0.0
377,2011-01-13,0.0014705216958508151,0.0
378,2011-01-14,0.007154141277363869,0.0
379,2011-01-15,0.0,0.0
380,2011-01-16,0.0,0.0
381,2011-01-17,0.0,0.0
382,2011-01-18,0.04159304713241959,0.0
383,2011-01-19,-0.027933962052821552,0.0
384,2011-01-20,-0.010405778923652416,0.0
385,2011-01-21,-0.02178995604601129,0.0
386,2011-01-22,0.0,0.0
387,2011-01-23,0.0,0.0
388,2011-01-24,0.03180212014134295,0.0
389,2011-01-25,0.015491812797584522,0.0
390,2011-01-26,0.0027327382036800288,0.0
391,2011-01-27,-0.001952814550738923,0.4939
392,2011-01-28,-0.0238802585327134,0.0
393,2011-01-29,0.0,0.0
394,2011-01-30,0.0,0.0
395,2011-01-31,0.010135056602896394,0.0
396,2011-02-01,0.010219478737997157,0.0
397,2011-02-02,-0.0004307217990567475,0.0
398,2011-02-03,-0.0007951473294408204,0.4601
399,2011-02-04,0.008408517601072758,-0.25
400,2011-02-05,0.0,0.0
401,2011-02-06,0.0,0.0
402,2011-02-07,0.011129560651617715,0.0
403,2011-02-08,0.004726879155346266,0.0
404,2011-02-09,0.008376203667062241,0.0
405,2011-02-10,-0.009165902841429764,0.0
406,2011-02-11,0.005655436480866093,0.0
407,2011-02-12,0.0,0.0
408,2011-02-13,0.0,0.0
409,2011-02-14,0.006631067536219294,0.4404
410,2011-02-15,0.001934740549118468,0.0
411,2011-02-16,0.006689325222436092,0.0
412,2011-02-17,0.003477310005467289,-0.4215
413,2011-02-18,-0.021597942637956426,0.0
414,2011-02-19,0.0,0.0
415,2011-02-20,0.0,0.0
416,2011-02-21,0.0,0.0
417,2011-02-22,-0.00952489721333946,0.0
418,2011-02-23,0.0117600940807526,0.0
419,2011-02-24,-0.003246089937121372,0.0
420,2011-02-25,0.008208398344752881,0.0
421,2011-02-26,0.0,0.0
422,2011-02-27,0.0,0.0
423,2011-02-28,0.005803740188121138,0.0
424,2011-03-01,-0.016770336505703788,0.0
425,2011-03-02,0.00620328015173504,0.0
426,2011-03-03,0.0059422379516759025,0.0
427,2011-03-04,0.0012378925422402607,0.0
428,2011-03-05,0.0,0.0
429,2011-03-06,0.0,0.0
430,2011-03-07,-0.017232815772993324,0.0
431,2011-03-08,0.0027071044986352326,0.0
432,2011-03-09,-0.006230461010083247,0.0
433,2011-03-10,-0.006645633348996535,0.0
434,2011-03-11,0.020210478669231653,0.0
435,2011-03-12,0.0,0.0
436,2011-03-13,0.0,-0.7351
437,2011-03-14,0.0019473334808586184,0.0
438,2011-03-15,0.01050828098229585,0.0
439,2011-03-16,-0.034608004385964924,-0.5106
440,2011-03-17,-0.006813757300454344,-0.4215
441,2011-03-18,-0.01845069769598054,0.0
442,2011-03-19,0.0,-0.4215
443,2011-03-20,0.0,0.0
444,2011-03-21,0.009431770663940707,0.0
445,2011-03-22,-0.003988967655170777,0.0
446,2011-03-23,-0.00020715847623416355,0.0
447,2011-03-24,0.009159851980446714,0.0
448,2011-03-25,0.010096703987076284,0.0
449,2011-03-26,0.0,0.0
450,2011-03-27,0.0,0.0
451,2011-03-28,-0.007936157043063243,0.0
452,2011-03-29,0.009931914702379618,-0.4588
453,2011-03-30,-0.0059448266648855115,0.0
454,2011-03-31,0.006041070261253763,0.0
455,2011-04-01,-0.018593478937769484,0.0
456,2011-04-02,0.0,0.0
457,2011-04-03,0.0,0.0
458,2011-04-04,-0.009767484023025077,0.0
459,2011-04-05,0.007077222944124738,0.0
460,2011-04-06,-0.009925671812464208,-0.1779
461,2011-04-07,2.309842237769777e-05,0.0
462,2011-04-08,-0.014470118057788656,0.0
463,2011-04-09,0.0,0.0
464,2011-04-10,0.0,0.0
465,2011-04-11,-0.011157275570701685,-0.0644
466,2011-04-12,0.005171314552882201,0.0
467,2011-04-13,0.003824448486544671,0.0
468,2011-04-14,-0.006650332516625753,0.0
469,2011-04-15,-0.01844396592079369,-0.4019
470,2011-04-16,0.0,0.0
471,2011-04-17,0.0,0.0
472,2011-04-18,0.01772115522774084,0.0
473,2011-04-19,0.01382477681186579,0.0
474,2011-04-20,-0.0038619686953361436,0.0
475,2011-04-21,-0.010356757233203298,-0.7003
476,2011-04-22,0.0,0.0
477,2011-04-23,0.0,0.0
478,2011-04-24,0.0,0.0
479,2011-04-25,0.007151291019671573,0.0
480,2011-04-26,-0.008966233077891518,0.0
481,2011-04-27,-0.006029170545728565,0.0
482,2011-04-28,0.0015562973655718945,0.0
483,2011-04-29,0.00900090009000913,0.0
484,2011-04-30,0.0,-0.5994
485,2011-05-01,0.0,0.0
486,2011-05-02,-0.009780060288042769,0.0
487,2011-05-03,0.0007855459544384175,0.0
488,2011-05-04,0.003654462704302487,0.0
489,2011-05-05,-0.004573068214934061,0.0
490,2011-05-06,-0.009151377170662106,0.0
491,2011-05-07,0.0,0.0
492,2011-05-08,0.0,0.0
493,2011-05-09,-0.0007856341189673758,0.34
494,2011-05-10,0.0018356839041861121,0.0
495,2011-05-11,-0.005524120501867463,0.0
496,2011-05-12,0.00029299736302369045,0.0
497,2011-05-13,-0.0152883790253376,0.0
498,2011-05-14,0.0,0.0
499,2011-05-15,0.0,0.0
500,2011-05-16,-0.017404116211612117,0.0
501,2011-05-17,0.01251293630633165,0.5859
502,2011-05-18,0.010001624393752821,0.0
503,2011-05-19,-0.004383461564804622,0.0
504,2011-05-20,-0.013376235348195672,0.0
505,2011-05-21,0.0,0.0
506,2011-05-22,0.0,0.0
507,2011-05-23,0.013202100979510543,0.0
508,2011-05-24,-0.00977630874514098,0.0
509,2011-05-25,0.010425940677569006,0.0
510,2011-05-26,-0.0023022720401851987,0.0
511,2011-05-27,0.00781341107871722,0.0
512,2011-05-28,0.0,0.0
513,2011-05-29,0.0,0.0
514,2011-05-30,0.0,0.0
515,2011-05-31,0.01914981239132432,0.0
516,2011-06-01,-0.010333721034266713,0.0
517,2011-06-02,-0.0012167917258161505,0.0
518,2011-06-03,0.000796413862152222,0.0
519,2011-06-04,0.0,0.0
520,2011-06-05,0.0,0.0
521,2011-06-06,-0.02211429862209169,0.3182
522,2011-06-07,-0.018058795002655784,0.0
523,2011-06-08,0.0007056167090036959,0.0
524,2011-06-09,-0.005342080599812594,0.0
525,2011-06-10,-0.014219240853154375,0.0
526,2011-06-11,0.0,0.0
527,2011-06-12,0.0,0.0
528,2011-06-13,-0.0017660676356174114,0.0
529,2011-06-14,0.007263521506648251,0.0
530,2011-06-15,-0.008036603290502858,0.0
531,2011-06-16,-0.004970250185189403,0.0
532,2011-06-17,-0.026813468428920472,0.0
533,2011-06-18,0.0,0.0
534,2011-06-19,0.0,0.0
535,2011-06-20,-0.006226312939902548,0.0
536,2011-06-21,0.027679100059206627,0.0
537,2011-06-22,-0.007424136853992086,0.0
538,2011-06-23,0.03853687200078342,0.0
539,2011-06-24,-0.01554660448024883,-0.0772
540,2011-06-25,0.0,0.0
541,2011-06-26,0.0,0.0
542,2011-06-27,0.013466488702450131,0.0
543,2011-06-28,0.005009363295880118,0.0
544,2011-06-29,-0.006410851992938685,0.0
545,2011-06-30,0.003689261447217906,0.3612
546,2011-07-01,0.021826549824504316,0.0
547,2011-07-02,0.0,0.0
548,2011-07-03,0.0,0.0
549,2011-07-04,0.0,0.0
550,2011-07-05,0.0188288329311051,0.0
551,2011-07-06,0.0079208806945316,0.0
552,2011-07-07,0.006756608050707621,0.0
553,2011-07-08,0.01747178229849998,0.0
554,2011-07-09,0.0,0.4404
555,2011-07-10,0.0,0.0
556,2011-07-11,-0.00694398808350326,0.0
557,2011-07-12,0.0006847650813986615,0.0
558,2011-07-13,-0.0008934603063914406,0.4019
559,2011-07-14,-0.008719546497035912,0.0
560,2011-07-15,0.010837353176577422,0.0
561,2011-07-16,0.0,0.0
562,2011-07-17,0.0,0.0
563,2011-07-18,0.02286422496687893,0.0
564,2011-07-19,-0.0028514164101081725,0.0
565,2011-07-20,-0.023107255520504674,0.0
566,2011-07-21,0.0007061719427798273,-0.3071
567,2011-07-22,0.012829536085583829,0.0
568,2011-07-23,0.0,-0.4404
569,2011-07-24,0.0,0.0
570,2011-07-25,0.02135409370184322,0.0
571,2011-07-26,0.008492113071997546,0.0
572,2011-07-27,-0.01931104435688374,0.0
573,2011-07-28,0.0004785452225235466,0.0
574,2011-07-29,0.007636971809700464,0.0
575,2011-07-30,0.0,0.0
576,2011-07-31,0.0,0.0
577,2011-08-01,-0.0031392246115210264,0.0
578,2011-08-02,-0.02241545135140432,0.0
579,2011-08-03,0.003793702453926578,0.0
580,2011-08-04,-0.03043434647406953,0.0
581,2011-08-05,-0.016546422478469092,0.0
582,2011-08-06,0.0,0.0
583,2011-08-07,0.0,-0.3818
584,2011-08-08,-0.022644770959377742,0.0
585,2011-08-09,0.03382257716382474,0.0
586,2011-08-10,-0.019721333557837967,0.5859
587,2011-08-11,0.008492792716850684,0.0
588,2011-08-12,-0.0037351162838687845,0.0
589,2011-08-13,0.0,0.0
590,2011-08-14,0.0,0.0
591,2011-08-15,0.009872480460715836,0.0
592,2011-08-16,-0.00264052073525193,0.0
593,2011-08-17,-0.0050646353666756105,0.0
594,2011-08-18,-0.012533704078193587,0.0
595,2011-08-19,-0.015780497808863883,0.3612
596,2011-08-20,0.0,0.0
597,2011-08-21,0.0,0.0
598,2011-08-22,-0.02252821380388446,0.0
599,2011-08-23,0.03690860622873342,0.0
600,2011-08-24,0.007318195123991164,0.0
601,2011-08-25,0.023853839077508973,0.0
602,2011-08-26,0.03342870366474535,0.0
603,2011-08-27,0.0,0.0
604,2011-08-28,0.0,0.0
605,2011-08-29,0.004626928725180488,0.0
606,2011-08-30,0.00444489139179412,0.0
607,2011-08-31,-0.01573796684641509,0.0
608,2011-09-01,-0.012646701740186159,0.0
609,2011-09-02,-0.0024158110669136464,0.0
610,2011-09-03,0.0,0.0
611,2011-09-04,0.0,0.0
612,2011-09-05,0.0,0.0
613,2011-09-06,0.03441820889172521,0.0
614,2011-09-07,-0.003809060701839744,0.4404
615,2011-09-08,0.004492271251506054,0.0
616,2011-09-09,-0.017279583663678343,0.0
617,2011-09-10,0.0,0.0
618,2011-09-11,0.0,0.0
619,2011-09-12,0.017248228136564212,0.0
620,2011-09-13,0.006457149863091981,0.0
621,2011-09-14,0.005911667978128831,0.0
622,2011-09-15,0.003529763685312444,0.0
623,2011-09-16,0.011318373624640242,0.0
624,2011-09-17,0.0,0.0
625,2011-09-18,0.0,0.0
626,2011-09-19,0.037105532383725416,0.0
627,2011-09-20,-0.004587242202628393,0.0
628,2011-09-21,-0.01806511627906984,0.0
629,2011-09-22,0.0020057250793527447,-0.5994
630,2011-09-23,0.010125446280508136,0.0
631,2011-09-24,0.0,0.0
632,2011-09-25,0.0,0.0
633,2011-09-26,0.0076897554501630765,0.0
634,2011-09-27,-0.02375269700036291,0.0
635,2011-09-28,-0.008599173231417116,0.0
636,2011-09-29,-0.02838105598508112,0.0
637,2011-09-30,-0.01502743262869125,-0.6249
638,2011-10-01,0.0,0.0
639,2011-10-02,0.0,0.0
640,2011-10-03,-0.015110143915908706,0.0
641,2011-10-04,-0.0063943679573433025,0.0
642,2011-10-05,0.028275452152500494,0.0
643,2011-10-06,0.01159626575124564,0.0
644,2011-10-07,-0.015897425240539484,0.0
645,2011-10-08,0.0,-0.296
646,2011-10-09,0.0,0.0
647,2011-10-10,0.02541238493379192,0.0
648,2011-10-11,0.019652305366591214,0.0
649,2011-10-12,-0.012822478629202229,0.0
650,2011-10-13,0.008367071524966215,0.0
651,2011-10-14,0.012003295756713198,0.0
652,2011-10-15,0.0,0.0
653,2011-10-16,0.0,0.0
654,2011-10-17,-0.0033723688111473864,0.0
655,2011-10-18,0.0016114692153812568,0.0772
656,2011-10-19,-0.007021843574332423,0.0
657,2011-10-20,-0.011732781508667656,-0.7783
658,2011-10-21,-0.01366452321204508,0.6486
659,2011-10-22,0.0,0.0
660,2011-10-23,0.0,0.0
661,2011-10-24,0.024466218480768086,0.0
662,2011-10-25,-0.018005513465579617,0.0
663,2011-10-26,-0.0034383620187264387,0.0
664,2011-10-27,-0.007716019835723424,0.0
665,2011-10-28,0.004844210199968997,0.0
666,2011-10-29,0.0,0.0
667,2011-10-30,0.0,0.0
668,2011-10-31,0.006680389948343518,0.5859
669,2011-11-01,-0.002534132207052309,0.0
670,2011-11-02,-0.006868962825641463,0.0
671,2011-11-03,0.009524554575502178,0.0
672,2011-11-04,-0.00527868343424931,0.3818
673,2011-11-05,0.0,0.0
674,2011-11-06,0.0,0.0
675,2011-11-07,-0.0004881477720936792,0.0
676,2011-11-08,0.009998446843208832,0.0
677,2011-11-09,-0.004346799889854776,0.0
678,2011-11-10,-0.02992763882334445,0.0
679,2011-11-11,-0.005552302691352514,0.0
680,2011-11-12,0.0,0.0
681,2011-11-13,0.0,0.0
682,2011-11-14,-0.012543964868766085,0.0
683,2011-11-15,0.02107939632545944,0.0
684,2011-11-16,-0.012010506686985159,0.0
685,2011-11-17,-0.01696259686375014,0.0
686,2011-11-18,-0.010448437886406684,0.0
687,2011-11-19,0.0,0.0
688,2011-11-20,0.0,0.0
689,2011-11-21,-0.003269145592980852,0.4767
690,2011-11-22,0.01409132016741333,0.0
691,2011-11-23,-0.020568927789934247,0.0
692,2011-11-24,0.0,0.0
693,2011-11-25,-0.012534198638417022,0.0
694,2011-11-26,0.0,0.0
695,2011-11-27,0.0,0.0
696,2011-11-28,0.01012897137464605,0.0
697,2011-11-29,-0.006382403692231122,-0.431
698,2011-11-30,0.003115200950956101,0.3612
699,2011-12-01,0.014312840721154985,0.0
700,2011-12-02,-0.0013607347967902234,0.0
701,2011-12-03,0.0,0.0
702,2011-12-04,0.0,0.0
703,2011-12-05,-0.0012304028577098155,0.0
704,2011-12-06,-0.0040779789138652356,0.4404
705,2011-12-07,-0.001542931569982931,0.0
706,2011-12-08,-0.0020944288193406333,0.0
707,2011-12-09,0.0023065757292555834,0.0
708,2011-12-10,0.0,0.0
709,2011-12-11,0.0,0.0
710,2011-12-12,0.0004186769807407331,0.0
711,2011-12-13,-0.010256614124709264,0.0
712,2011-12-14,-0.016820806914098898,0.0
713,2011-12-15,-0.011407618659604851,0.0
714,2011-12-16,0.0016628346198062714,0.0
715,2011-12-17,0.0,0.0
716,2011-12-18,0.0,0.0
717,2011-12-19,-0.00067374438546348,0.0
718,2011-12-20,0.021824117362566613,0.0
719,2011-12-21,-0.00021662924888736824,0.0
720,2011-12-22,0.003914086778647677,0.0
721,2011-12-23,0.009084870271959916,0.0
722,2011-12-24,0.0,-0.8126
723,2011-12-25,0.0,0.0
724,2011-12-26,0.0,0.0
725,2011-12-27,0.008367228355607109,0.0
726,2011-12-28,-0.010401473861978995,0.0
727,2011-12-29,0.004647560030983772,0.0
728,2011-12-30,0.003754523814131631,0.0
729,2011-12-31,0.0,0.0
730,2012-01-01,0.0,0.0
731,2012-01-02,0.0,0.0
732,2012-01-03,0.003334095412284794,0.0
733,2012-01-04,0.008187980805849641,0.0
734,2012-01-05,0.007414377117049274,0.0
735,2012-01-06,0.006268951020332165,0.0
736,2012-01-07,0.0,0.0
737,2012-01-08,0.0,0.0
738,2012-01-09,-0.008863849075994275,0.0
739,2012-01-10,-0.006252177261143013,0.0
740,2012-01-11,-0.00020323701130728849,0.0
741,2012-01-12,-0.002163461538461489,0.0
742,2012-01-13,0.00026046996223204165,0.0
743,2012-01-14,0.0,0.0
744,2012-01-15,0.0,0.0
745,2012-01-16,0.0,0.0
746,2012-01-17,0.0011597297645564936,0.0
747,2012-01-18,0.005029629087716704,0.0
748,2012-01-19,-0.005663459793065978,0.0
749,2012-01-20,-0.01680549466608216,0.4588
750,2012-01-21,0.0,0.0
751,2012-01-22,0.0,0.0
752,2012-01-23,0.011307786112856042,0.0
753,2012-01-24,-0.011076210943957708,0.0
754,2012-01-25,-0.017080505198041062,0.0
755,2012-01-26,-0.008497301062162625,0.0
756,2012-01-27,0.006873033451106635,0.0
757,2012-01-28,0.0,0.0
758,2012-01-29,0.0,0.0
759,2012-01-30,0.016345766393945357,0.0
760,2012-01-31,0.0016105542705387489,0.0
761,2012-02-01,-0.0048547823865087575,0.0
762,2012-02-02,-0.0017128273641299936,0.0
763,2012-02-03,0.005173915270734156,0.0
764,2012-02-04,0.0,0.0
765,2012-02-05,0.0,0.0
766,2012-02-06,0.012180371714280906,0.0
767,2012-02-07,0.0076699729788698235,0.0
768,2012-02-08,0.0131613888335658,0.0
769,2012-02-09,0.02589175492170763,0.0
770,2012-02-10,0.004898140932873089,0.0
771,2012-02-11,0.0,0.0
772,2012-02-12,0.0,0.0
773,2012-02-13,0.00575026954388479,0.0
774,2012-02-14,0.009813026250619123,0.0
775,2012-02-15,-0.03222230658264368,0.4215
776,2012-02-16,0.02178161193460731,0.0
777,2012-02-17,-0.001955641093296571,0.0
778,2012-02-18,0.0,0.0
779,2012-02-19,0.0,0.0
780,2012-02-20,0.0,0.0
781,2012-02-21,0.015353815353815354,0.0
782,2012-02-22,-7.609655130422567e-05,0.5859
783,2012-02-23,0.002516562315237066,0.0
784,2012-02-24,0.005606577582708363,0.0
785,2012-02-25,0.0,0.0
786,2012-02-26,0.0,0.0
787,2012-02-27,0.008961083721696895,0.0
788,2012-02-28,0.014125129418725015,0.0
789,2012-02-29,0.0021350875674429493,0.0
790,2012-03-01,-0.0064834209663861345,0.0
791,2012-03-02,0.0013625346012076196,0.0
792,2012-03-03,0.0,0.0
793,2012-03-04,0.0,0.0
794,2012-03-05,-0.022547672221267863,0.0
795,2012-03-06,0.011997019374068656,0.0
796,2012-03-07,-0.010857542062059659,0.0
797,2012-03-08,0.013151940677594934,0.0
798,2012-03-09,0.0013912794033275131,0.0
799,2012-03-10,0.0,0.0
800,2012-03-11,0.0,0.0
801,2012-03-12,0.005461838249935999,0.0
802,2012-03-13,0.018907563025210003,0.0
803,2012-03-14,0.01999405582124239,0.0
804,2012-03-15,-0.023505052609646925,0.0
805,2012-03-16,0.0015091618141992804,0.0
806,2012-03-17,0.0,0.0
807,2012-03-18,0.0,0.0
808,2012-03-19,0.004567580617798016,0.0
809,2012-03-20,0.010890379730345841,0.0
810,2012-03-21,-0.0003627553862697837,0.0
811,2012-03-22,0.00261256906979482,0.0
812,2012-03-23,-0.007334391011469648,0.0
813,2012-03-24,0.0,0.4019
814,2012-03-25,0.0,0.4404
815,2012-03-26,0.011990626220544285,0.0
816,2012-03-27,0.013706394599886549,0.0
817,2012-03-28,-0.0012122589688222606,0.0
818,2012-03-29,-0.0048040165146033134,0.0
819,2012-03-30,-0.01516142686727982,0.0
820,2012-03-31,0.0,0.0
821,2012-04-01,0.0,0.0
822,2012-04-02,0.028014948226195626,0.0
823,2012-04-03,0.003211631583533664,0.0
824,2012-04-04,-6.253361181629442e-05,0.0
825,2012-04-05,0.010050814526976386,0.0
826,2012-04-06,0.0,0.0
827,2012-04-07,0.0,0.0
828,2012-04-08,0.0,0.0
829,2012-04-09,0.01611273929039099,0.0
830,2012-04-10,-0.017961733697774408,0.0
831,2012-04-11,-0.015710726252869064,0.7506
832,2012-04-12,-0.003560808615907401,-0.6705
833,2012-04-13,-0.03026549558341462,-0.3612
834,2012-04-14,0.0,0.6369
835,2012-04-15,0.0,0.2732
836,2012-04-16,-0.04906239999999998,0.0
837,2012-04-17,0.05315690797016419,0.0
838,2012-04-18,-0.008753960276360521,0.0
839,2012-04-19,-0.02127105965003566,0.0
840,2012-04-20,-0.031122085192912024,0.0
841,2012-04-21,0.0,0.0
842,2012-04-22,0.0,0.0
843,2012-04-23,0.0019570007253219565,0.0
844,2012-04-24,-0.0041775964247547145,0.0
845,2012-04-25,-0.009195723037505972,0.0
846,2012-04-26,-0.01071619251010588,0.0
847,2012-04-27,-0.003445739285299417,0.0
848,2012-04-28,0.0,-0.5994
849,2012-04-29,0.0,0.0
850,2012-04-30,-0.023146757233361702,0.0
851,2012-05-01,-0.004726049343159233,0.0
852,2012-05-02,0.00990498748418707,0.0
853,2012-05-03,-0.014731162889106404,0.0
854,2012-05-04,-0.02051393079931266,0.0
855,2012-05-05,0.0,0.0
856,2012-05-06,0.0,0.0
857,2012-05-07,0.014240616351676484,0.0
858,2012-05-08,-0.0024814235968301282,0.0
859,2012-05-09,0.009738595592004141,0.0
860,2012-05-10,-0.0070941262808837955,0.0
861,2012-05-11,0.002999101651579003,0.0
862,2012-05-12,0.0,0.0
863,2012-05-13,0.0,0.0
864,2012-05-14,-0.007759039489208098,0.0
865,2012-05-15,-0.014756401162709931,0.0
866,2012-05-16,-0.01437591611230122,0.0
867,2012-05-17,-0.0278800028638933,-0.128
868,2012-05-18,-0.006712390868808635,0.0
869,2012-05-19,0.0,0.0
870,2012-05-20,0.0,0.0
871,2012-05-21,0.05012491051731943,0.0
872,2012-05-22,-0.02211436954167161,0.0
873,2012-05-23,0.02339066614376158,0.0
874,2012-05-24,-0.01837337961707441,0.0
875,2012-05-25,-0.004093769448862547,0.0
876,2012-05-26,0.0,0.0
877,2012-05-27,0.0,0.0
878,2012-05-28,0.0,0.0
879,2012-05-29,0.002407331418410641,0.0
880,2012-05-30,0.017532788234648603,-0.296
881,2012-05-31,-0.0051901951029300385,0.0
882,2012-06-01,-0.01430982205331549,0.0
883,2012-06-02,0.0,0.0
884,2012-06-03,0.0,0.0
885,2012-06-04,0.004964746130418448,0.5719
886,2012-06-05,0.002796366115277169,0.0
887,2012-06-06,0.006505295007564478,0.0
888,2012-06-07,-0.00963086204331187,0.0
889,2012-06-08,0.015217955548269744,-0.4404
890,2012-06-09,0.0,0.0
891,2012-06-10,0.0,0.0
892,2012-06-11,-0.02814131777898847,0.0
893,2012-06-12,0.0029496921173895736,0.0
894,2012-06-13,-0.004104710903308325,0.4019
895,2012-06-14,0.0005194450140113007,0.0
896,2012-06-15,0.00547023508335259,0.5106
897,2012-06-16,0.0,0.25
898,2012-06-17,0.0,0.0
899,2012-06-18,0.025958395448390882,0.0
900,2012-06-19,0.006879751579398166,0.0
901,2012-06-20,-0.004181823009319461,0.0
902,2012-06-21,-0.0132581062515839,0.4829
903,2012-06-22,0.005299853006621454,0.5719
904,2012-06-23,0.0,0.0
905,2012-06-24,0.0,0.0
906,2012-06-25,-0.011321520357094592,0.0
907,2012-06-26,0.0011890443909904475,0.0
908,2012-06-27,-0.0008827204084960065,-0.4939
909,2012-06-28,-0.004630514956972879,0.0
910,2012-06-29,0.010348694254178054,0.0
911,2012-06-30,0.0,0.0
912,2012-07-01,0.0,0.0
913,2012-07-02,0.013314103334535208,0.0
914,2012-07-03,0.007613346984852042,0.0
915,2012-07-04,0.0,0.0
916,2012-07-05,0.01560285532252406,0.0
917,2012-07-06,-0.002006508289708821,0.0
918,2012-07-07,0.0,0.4019
919,2012-07-08,0.0,-0.4404
920,2012-07-09,0.01417771814851114,0.0
921,2012-07-10,-0.01578295592397909,0.0
922,2012-07-11,-0.00278278794125236,0.0
923,2012-07-12,-0.0022245928084507504,0.0
924,2012-07-13,0.003367265003755678,0.0
925,2012-07-14,0.0,0.0
926,2012-07-15,0.0,0.0
927,2012-07-16,0.0029551056224433074,0.0
928,2012-07-17,-0.006289951419074282,0.0
929,2012-07-18,-0.0005664190728749235,0.0
930,2012-07-19,0.005007600822677225,0.0
931,2012-07-20,-0.014240768339129113,0.0
932,2012-07-21,0.0,0.0
933,2012-07-22,0.0,0.0
934,2012-07-23,0.015882816605359812,0.0
935,2012-07-24,-0.01064499955003025,0.0
936,2012-07-25,0.0008971413813259002,0.0
937,2012-07-26,-0.008404719573298787,0.0
938,2012-07-27,0.017667748550321195,0.0
939,2012-07-28,0.0,0.0
940,2012-07-29,0.0,0.0
941,2012-07-30,0.0069241645414064405,0.0
942,2012-07-31,0.012491585978356591,0.0
943,2012-08-01,-0.014795375019017213,0.0
944,2012-08-02,0.008225601699525777,0.0
945,2012-08-03,0.0033722306351246525,0.0
946,2012-08-04,0.0,0.0
947,2012-08-05,0.0,0.0
948,2012-08-06,0.008526033496938808,0.0
949,2012-08-07,-0.002984213759983945,0.0
950,2012-08-08,0.0007942711616531228,0.0
951,2012-08-09,0.0046436706391652155,0.0
952,2012-08-10,0.004838263754492738,0.2263
953,2012-08-11,0.0,0.5106
954,2012-08-12,0.0,0.0
955,2012-08-13,0.010589071678910636,0.0
956,2012-08-14,-0.00028302118967354537,0.0
957,2012-08-15,-0.0007512962940154058,0.0
958,2012-08-16,0.008117563006577887,0.0
959,2012-08-17,0.012634699257711495,0.0
960,2012-08-18,0.0,0.0
961,2012-08-19,0.0,0.0
962,2012-08-20,0.023338437245801324,0.0
963,2012-08-21,-0.022010756177847843,0.0
964,2012-08-22,0.022099447513812147,0.0
965,2012-08-23,-0.005206144651444924,0.0
966,2012-08-24,0.005599962273938466,0.0
967,2012-08-25,0.0,0.0
968,2012-08-26,0.0,0.0
969,2012-08-27,-0.006277729497324485,0.0
970,2012-08-28,-0.00028798525515500155,0.0
971,2012-08-29,-0.002659850081177343,-0.5157
972,2012-08-30,-0.010121387082188337,0.0
973,2012-08-31,-0.0029947795282931505,0.0
974,2012-09-01,0.0,0.0
975,2012-09-02,0.0,0.0
976,2012-09-03,0.0,0.0
977,2012-09-04,0.01383957768849858,0.0
978,2012-09-05,-0.007929657378954678,0.0
979,2012-09-06,0.004585513473555068,-0.4939
980,2012-09-07,0.0035319480757764203,0.0
981,2012-09-08,0.0,0.0
982,2012-09-09,0.0,0.0
983,2012-09-10,-0.026007564590403508,0.4939
984,2012-09-11,-0.006768684022866152,0.0
985,2012-09-12,0.004395732524922865,0.0
986,2012-09-13,0.008275941230486727,0.34
987,2012-09-14,0.0019044828596543886,0.0
988,2012-09-15,0.0,0.0
989,2012-09-16,0.0,0.0
990,2012-09-17,0.0005892555367785676,0.0
991,2012-09-18,0.0029218326445363428,0.0
992,2012-09-19,0.0025981812731090802,0.0
993,2012-09-20,-0.000678373238731854,0.0
994,2012-09-21,-0.00327665603967402,0.0
995,2012-09-22,0.0,0.0
996,2012-09-23,0.0,0.0
997,2012-09-24,0.005750639588852021,0.0
998,2012-09-25,-0.02137418378182948,-0.5574
999,2012-09-26,-0.0053018940318811615,0.3182
1000,2012-09-27,0.025633222529144597,0.0
1001,2012-09-28,-0.017148944944669575,0.0
1002,2012-09-29,0.0,0.0
1003,2012-09-30,0.0,0.0
1004,2012-10-01,-0.017505039505085796,0.0
1005,2012-10-02,-0.0007871518028126844,0.0
1006,2012-10-03,0.009893579698280943,0.0
1007,2012-10-04,-0.0066141549866789995,0.0
1008,2012-10-05,-0.01897047478785334,0.0
1009,2012-10-06,0.0,0.0
1010,2012-10-07,0.0,0.0
1011,2012-10-08,-0.013462023871052926,0.0
1012,2012-10-09,-0.004419337951521022,0.0
1013,2012-10-10,0.001810889645114255,0.0
1014,2012-10-11,-0.028408544212450624,0.0
1015,2012-10-12,0.00025935851992738945,0.0
1016,2012-10-13,0.0,0.0
1017,2012-10-14,0.0,0.0
1018,2012-10-15,0.003811725359039965,0.0
1019,2012-10-16,0.022688057564521448,0.0
1020,2012-10-17,-0.006578632027992387,0.0
1021,2012-10-18,-0.010843930073670596,0.0
1022,2012-10-19,-0.033599881716588065,0.0
1023,2012-10-20,0.0,0.0
1024,2012-10-21,0.0,0.0
1025,2012-10-22,0.035282168475845824,0.0
1026,2012-10-23,-0.027959188702959697,0.0
1027,2012-10-24,-0.0074444791992492815,0.0
1028,2012-10-25,-0.016855412167500586,0.0
1029,2012-10-26,-0.008905446611975062,0.0
1030,2012-10-27,0.0,0.0
1031,2012-10-28,0.0,0.0
1032,2012-10-29,0.0,0.0
1033,2012-10-30,0.0,0.0
1034,2012-10-31,0.0007319400331986744,0.0
1035,2012-11-01,-0.0028074553536614963,0.0
1036,2012-11-02,-0.032020250786153184,0.0
1037,2012-11-03,0.0,0.4767
1038,2012-11-04,0.0,-0.3612
1039,2012-11-05,0.0019187975535331922,0.0
1040,2012-11-06,-0.012488473191937731,0.0
1041,2012-11-07,-0.02758332321720015,0.0
1042,2012-11-08,-0.04081012798034049,0.0
1043,2012-11-09,0.012245248700284858,-0.4019
1044,2012-11-10,0.0,0.34
1045,2012-11-11,0.0,0.0
1046,2012-11-12,-0.02041984999371467,0.0
1047,2012-11-13,0.007381981645578854,0.0
1048,2012-11-14,-0.01579216209313564,0.0
1049,2012-11-15,-0.022146066121414742,0.0
1050,2012-11-16,0.004730605989153262,0.0
1051,2012-11-17,0.0,0.0
1052,2012-11-18,0.0,0.0
1053,2012-11-19,0.04625030418414247,0.0
1054,2012-11-20,-0.019244302495533983,-0.3818
1055,2012-11-21,-0.0045541213426428685,0.0
1056,2012-11-22,0.0,0.0
1057,2012-11-23,0.007614732733798319,0.0
1058,2012-11-24,0.0,0.2023
1059,2012-11-25,0.0,0.0
1060,2012-11-26,0.023654006397333425,0.0
1061,2012-11-27,-0.008087279601937792,0.0
1062,2012-11-28,0.009814700597999508,0.0
1063,2012-11-29,-0.0014556231640789473,0.25
1064,2012-11-30,-0.0016107524326322586,-0.296
1065,2012-12-01,0.0,0.0
1066,2012-12-02,0.0,0.0
1067,2012-12-03,-0.012581650347462205,0.0
1068,2012-12-04,-0.010164305195237087,0.0
1069,2012-12-05,-0.052923009945172315,0.4404
1070,2012-12-06,0.03460739266586664,0.0
1071,2012-12-07,-0.03640661277238536,0.0
1072,2012-12-08,0.0,0.0
1073,2012-12-09,0.0,0.0
1074,2012-12-10,0.009184861932211956,0.0
1075,2012-12-11,0.0030256535268223857,0.0
1076,2012-12-12,-0.016023059641388667,0.0
1077,2012-12-13,-0.002754098360655635,0.0
1078,2012-12-14,-0.009653554673403043,0.0
1079,2012-12-15,0.0,0.0
1080,2012-12-16,0.0,0.0
1081,2012-12-17,0.0194205763820242,0.0
1082,2012-12-18,0.016939657078830814,0.0
1083,2012-12-19,-0.009670137624699648,-0.4767
1084,2012-12-20,-0.015640059581179533,0.0
1085,2012-12-21,0.013304740474500507,0.2732
1086,2012-12-22,0.0,0.0
1087,2012-12-23,0.0,0.0
1088,2012-12-24,-0.00037186333278801833,0.0
1089,2012-12-25,0.0,0.0
1090,2012-12-26,-0.011587502796212078,0.0
1091,2012-12-27,0.0029993368300475984,0.0
1092,2012-12-28,-0.0013499575294260199,0.0
1093,2012-12-29,0.0,0.0
1094,2012-12-30,0.0,0.0
1095,2012-12-31,0.04326054959561757,0.0
1096,2013-01-01,0.0,0.0
1097,2013-01-02,-0.0086369544253909,0.0
1098,2013-01-03,-0.009979503851862364,0.0
1099,2013-01-04,-0.018551351351351237,0.0
1100,2013-01-05,0.0,-0.5994
1101,2013-01-06,0.0,0.0
1102,2013-01-07,0.0036028823058446018,0.5574
1103,2013-01-08,-0.007371115173674452,0.0
1104,2013-01-09,-0.010735492277849264,0.0
1105,2013-01-10,-0.009533293306192715,0.0
1106,2013-01-11,-0.001618867980573716,0.0
1107,2013-01-12,0.0,0.0
1108,2013-01-13,0.0,0.0
1109,2013-01-14,-0.0018169220109322504,0.0
1110,2013-01-15,-0.024867198906526645,0.0
1111,2013-01-16,0.02309606146431532,0.0
1112,2013-01-17,-0.01495502874216991,0.0
1113,2013-01-18,0.0030120949586225506,0.0
1114,2013-01-19,0.0,0.0
1115,2013-01-20,0.0,0.0
1116,2013-01-21,0.0,0.0
1117,2013-01-22,0.00042952690679275016,0.0
1118,2013-01-23,0.010222242504449586,0.0
1119,2013-01-24,-0.02064579091719828,0.0
1120,2013-01-25,-0.026131359344745437,0.0
1121,2013-01-26,0.0,0.0
1122,2013-01-27,0.0,0.0
1123,2013-01-28,0.027472333203691173,0.0
1124,2013-01-29,-0.0005064316823660682,0.0
1125,2013-01-30,-0.0003726034821488799,0.0
1126,2013-01-31,-0.003302789586897245,0.0
1127,2013-02-01,-0.011969587133536774,0.0
1128,2013-02-02,0.0,0.0
1129,2013-02-03,0.0,0.0
1130,2013-02-04,-0.025509856080758397,0.0
1131,2013-02-05,0.031044099703677983,0.0
1132,2013-02-06,0.001949978804578245,0.0
1133,2013-02-07,0.010663920402637674,0.0
1134,2013-02-08,0.0020780232803545647,0.0
1135,2013-02-09,0.0,0.0
1136,2013-02-10,0.0,0.0
1137,2013-02-11,0.00723502527413952,0.0
1138,2013-02-12,-0.024216455635260814,0.0
1139,2013-02-13,-0.00044469332630621465,0.0
1140,2013-02-14,0.004456224633479521,0.0
1141,2013-02-15,-0.01853037241288752,0.0
1142,2013-02-16,0.0,0.0
1143,2013-02-17,0.0,0.0
1144,2013-02-18,0.0,0.0
1145,2013-02-19,-0.0024198528061948753,0.0
1146,2013-02-20,-0.019334555053044027,0.0
1147,2013-02-21,0.0001380309879568424,0.0
1148,2013-02-22,0.0034771586646339713,0.0
1149,2013-02-23,0.0,0.0
1150,2013-02-24,0.0,0.0
1151,2013-02-25,-0.024398101051203682,0.3612
1152,2013-02-26,0.011581538888310957,0.0
1153,2013-02-27,-0.00861447643889205,0.0
1154,2013-02-28,-0.005978684689368319,0.0
1155,2013-03-01,-0.017164742880233258,0.0
1156,2013-03-02,0.0,0.0
1157,2013-03-03,0.0,0.0
1158,2013-03-04,-0.01813177918083217,0.0
1159,2013-03-05,0.02291316731176518,0.8271
1160,2013-03-06,-0.020384308863898176,0.0
1161,2013-03-07,0.014265774829154962,0.0
1162,2013-03-08,0.004458051348157739,0.0
1163,2013-03-09,0.0,0.0
1164,2013-03-10,0.0,0.0
1165,2013-03-11,0.01894631281114573,0.4939
1166,2013-03-12,-0.016481478210178466,0.0
1167,2013-03-13,-0.00023348120476285528,0.0
1168,2013-03-14,-0.0007289277650363009,0.0
1169,2013-03-15,0.013143790964522265,0.0
1170,2013-03-16,0.0,0.0
1171,2013-03-17,0.0,0.0
1172,2013-03-18,0.03233622703343438,0.0
1173,2013-03-19,-0.010952205512944978,0.0
1174,2013-03-20,-0.01164160021533596,-0.296
1175,2013-03-21,0.00557198283966022,0.0
1176,2013-03-22,0.01614950992839369,0.3892
1177,2013-03-23,0.0,0.0
1178,2013-03-24,0.0,0.0
1179,2013-03-25,-0.002368098565892768,0.4588
1180,2013-03-26,-0.009225580318761866,-0.0258
1181,2013-03-27,-0.009558811133401894,-0.0516
1182,2013-03-28,-0.01596072259477213,0.0
1183,2013-03-29,0.0,0.0
1184,2013-03-30,0.0,0.0
1185,2013-03-31,0.0,0.0
1186,2013-04-01,-0.0299169842844462,0.0
1187,2013-04-02,0.0051108551684421214,0.0
1188,2013-04-03,0.0014449578107999033,0.0
1189,2013-04-04,-0.013944081748509815,0.0
1190,2013-04-05,-0.0031178059347074178,0.0
1191,2013-04-06,0.0,0.0
1192,2013-04-07,0.0,0.0
1193,2013-04-08,0.003223995218343992,0.0
1194,2013-04-09,0.0014619091450539295,0.0
1195,2013-04-10,0.017539760984814433,0.0
1196,2013-04-11,0.001383862039599797,-0.3008
1197,2013-04-12,-0.010031903580290722,0.0
1198,2013-04-13,0.0,0.0
1199,2013-04-14,0.0,0.0
1200,2013-04-15,-0.016777495449712646,0.0
1201,2013-04-16,0.011116587262471837,0.0
1202,2013-04-17,-0.04156291196718916,0.0
1203,2013-04-18,-0.03188659166920018,0.0
1204,2013-04-19,0.006585080429220176,0.0
1205,2013-04-20,0.0,0.0
1206,2013-04-21,0.0,0.0
1207,2013-04-22,0.01447005149693558,0.0
1208,2013-04-23,0.005276089979238375,0.0
1209,2013-04-24,0.03026866372062105,0.0
1210,2013-04-25,-0.0069237822564044505,0.0
1211,2013-04-26,0.018045253966763656,0.0
1212,2013-04-27,0.0,0.0
1213,2013-04-28,0.0,0.0
1214,2013-04-29,0.022725193493495402,0.0
1215,2013-04-30,0.01759722688927019,0.0
1216,2013-05-01,-0.01158321213380435,0.0
1217,2013-05-02,0.008465276689136178,0.0
1218,2013-05-03,-0.002932801336811722,0.3818
1219,2013-05-04,0.0,0.0
1220,2013-05-05,0.0,0.0
1221,2013-05-06,0.010976021614319462,0.0
1222,2013-05-07,-0.013587091435664013,0.0
1223,2013-05-08,0.010460496538313284,0.0
1224,2013-05-09,-0.006616901361618465,0.0
1225,2013-05-10,-0.010900046738332086,0.0
1226,2013-05-11,0.0,0.0
1227,2013-05-12,0.0,0.0
1228,2013-05-13,0.007212759473096101,0.0
1229,2013-05-14,-0.022014114635091363,0.0
1230,2013-05-15,-0.02351651029608869,0.0
1231,2013-05-16,0.026766846677623843,-0.296
1232,2013-05-17,-0.013249760598937978,0.0
1233,2013-05-18,0.0,0.0
1234,2013-05-19,0.0,-0.4588
1235,2013-05-20,0.02554117917765541,0.5719
1236,2013-05-21,0.003437145598883412,0.0
1237,2013-05-22,-0.006111417160170721,0.0
1238,2013-05-23,0.01422158313751609,0.0
1239,2013-05-24,0.009727424053266872,0.0
1240,2013-05-25,0.0,0.0
1241,2013-05-26,0.0,0.0
1242,2013-05-27,0.0,0.0
1243,2013-05-28,-0.018810535259133374,0.0
1244,2013-05-29,0.011241030630505388,-0.5994
1245,2013-05-30,0.013293994545173828,0.0
1246,2013-05-31,-0.006132481881303644,0.0
1247,2013-06-01,0.0,0.0
1248,2013-06-02,0.0,0.0
1249,2013-06-03,-1.6960363630277213e-05,0.0
1250,2013-06-04,-0.00858550079276727,0.0
1251,2013-06-05,-0.0012007478944028045,0.0
1252,2013-06-06,-0.01575343641137416,0.4019
1253,2013-06-07,0.012171841888649544,0.0
1254,2013-06-08,0.0,-0.7003
1255,2013-06-09,0.0,0.0
1256,2013-06-10,-0.013098409969918236,0.0
1257,2013-06-11,0.004192908896335103,0.0
1258,2013-06-12,-0.016628400473109234,0.3182
1259,2013-06-13,0.00797157805429865,0.0
1260,2013-06-14,-0.012325303743240488,0.0
1261,2013-06-15,0.0,0.0
1262,2013-06-16,0.0,0.0
1263,2013-06-17,0.0012579953578200369,0.0
1264,2013-06-18,0.00047827396241110164,0.0
1265,2013-06-19,-0.01947442099480807,0.5423
1266,2013-06-20,-0.005888680242839829,0.25
1267,2013-06-21,-0.011873664212776035,0.0
1268,2013-06-22,0.0,0.0
1269,2013-06-23,0.0,0.0
1270,2013-06-24,-0.01193424904300825,0.5106
1271,2013-06-25,-0.007574901074053156,0.0
1272,2013-06-26,-0.014516342714385675,0.0
1273,2013-06-27,-0.01367161321206316,0.7184
1274,2013-06-28,0.01324477588751655,0.0
1275,2013-06-29,0.0,0.0
1276,2013-06-30,0.0,0.0
1277,2013-07-01,0.01623099265334011,0.0
1278,2013-07-02,0.02081041266526203,0.0
1279,2013-07-03,-0.00010898786601745843,0.0
1280,2013-07-04,0.0,0.0
1281,2013-07-05,-0.007073756182717409,0.0
1282,2013-07-06,0.0,0.0
1283,2013-07-07,0.0,0.0
1284,2013-07-08,-0.011991847727189866,0.0
1285,2013-07-09,0.02114446251663473,0.0
1286,2013-07-10,0.0026963508171036683,0.0
1287,2013-07-11,0.010284495535552952,0.0
1288,2013-07-12,-0.0026991759469460587,0.0
1289,2013-07-13,0.0,0.0
1290,2013-07-14,0.0,0.0
1291,2013-07-15,0.0057559133015559006,0.0
1292,2013-07-16,0.008639076586668567,0.0
1293,2013-07-17,0.001405418868192943,0.0
1294,2013-07-18,-0.003757210139175547,0.0
1295,2013-07-19,-0.018833621633070927,0.0
1296,2013-07-20,0.0,0.6369
1297,2013-07-21,0.0,0.296
1298,2013-07-22,-0.007369170523317806,0.0
1299,2013-07-23,-0.01650846058605038,0.0
1300,2013-07-24,0.00358772510362597,0.0
1301,2013-07-25,-0.005064871990564102,0.4199
1302,2013-07-26,0.013100590053385822,0.0
1303,2013-07-27,0.0,0.4939
1304,2013-07-28,0.0,0.0
1305,2013-07-29,0.01581548599670509,0.0
1306,2013-07-30,0.007492482033333944,0.0
1307,2013-07-31,-0.0054102189290454105,0.0
1308,2013-08-01,0.002315397392661046,0.4939
1309,2013-08-02,0.009897684976549269,0.0
1310,2013-08-03,0.0,0.0
1311,2013-08-04,0.0,0.0
1312,2013-08-05,0.010248901903367457,0.0
1313,2013-08-06,-0.00594538089638046,0.0
1314,2013-08-07,0.0025217978935569148,0.0
1315,2013-08-08,-0.006090672429883588,0.0
1316,2013-08-09,-0.009074500322906402,0.0
1317,2013-08-10,0.0,0.0
1318,2013-08-11,0.0,0.0
1319,2013-08-12,0.02292258847387764,0.0
1320,2013-08-13,0.039557497863282255,0.0
1321,2013-08-14,0.0012813276995592108,0.0
1322,2013-08-15,0.0029832022764129267,0.0
1323,2013-08-16,0.004357993197278788,0.0
1324,2013-08-17,0.0,0.0
1325,2013-08-18,0.0,0.0
1326,2013-08-19,0.006715754920118625,0.0
1327,2013-08-20,-0.016940314073720705,0.743
1328,2013-08-21,-0.002473194492618354,0.0
1329,2013-08-22,-0.0039403236479576545,0.0
1330,2013-08-23,-0.00448159828582655,0.0
1331,2013-08-24,0.0,0.0
1332,2013-08-25,0.0,0.0
1333,2013-08-26,0.004458869206503229,0.0
1334,2013-08-27,-0.018925183761856833,0.0
1335,2013-08-28,0.010141734252183735,0.0
1336,2013-08-29,0.00010812981756962792,0.0
1337,2013-08-30,-0.009714250636874184,0.0
1338,2013-08-31,0.0,0.0
1339,2013-09-01,0.0,0.0
1340,2013-09-02,0.0,0.0
1341,2013-09-03,-0.009179398718580638,0.0
1342,2013-09-04,-0.0017786020491926398,0.0
1343,2013-09-05,-0.009913616420470808,0.0
1344,2013-09-06,-0.0004418576304241279,0.0
1345,2013-09-07,0.0,0.0
1346,2013-09-08,0.0,0.0
1347,2013-09-09,0.002331037386831912,0.0
1348,2013-09-10,-0.02283468110962756,0.0
1349,2013-09-11,0.0014635098217770815,0.0
1350,2013-09-12,0.008996741720566177,-0.296
1351,2013-09-13,-0.009465866248118977,0.0
1352,2013-09-14,0.0,-0.296
1353,2013-09-15,0.0,0.0
1354,2013-09-16,-0.023606741017742117,0.1027
1355,2013-09-17,0.016410673719187422,0.0
1356,2013-09-18,0.0032135888901639728,0.0
1357,2013-09-19,0.0033558671205690662,-0.3412
1358,2013-09-20,-0.022226458859603258,0.0
1359,2013-09-21,0.0,0.0
1360,2013-09-22,0.0,0.0
1361,2013-09-23,-0.011021476571708464,0.0
1362,2013-09-24,-0.0116477141936375,-0.6908
1363,2013-09-25,-0.016137291107421698,0.0
1364,2013-09-26,0.0004844279843107652,0.0
1365,2013-09-27,-0.0021349408181846052,0.0
1366,2013-09-28,0.0,0.0
1367,2013-09-29,0.0,0.0
1368,2013-09-30,-0.0010283345726082949,0.0
1369,2013-10-01,0.019904761904761755,0.4019
1370,2013-10-02,0.008100711548987533,0.0
1371,2013-10-03,-0.014491856072335526,0.0
1372,2013-10-04,-0.0017578554163920313,0.2023
1373,2013-10-05,0.0,0.0
1374,2013-10-06,0.0,0.0
1375,2013-10-07,0.0024036210394880035,0.0
1376,2013-10-08,-0.01836839086695708,0.0
1377,2013-10-09,0.004042873260624225,0.0
1378,2013-10-10,-0.00341602905943278,0.0
1379,2013-10-11,0.011945605389557816,0.0
1380,2013-10-12,0.0,0.0
1381,2013-10-13,0.0,0.0
1382,2013-10-14,0.012697871284826162,0.0
1383,2013-10-15,0.0023202210315822805,0.0
1384,2013-10-16,0.0006672530405509562,0.0
1385,2013-10-17,0.009022419345039315,0.0
1386,2013-10-18,0.005778698366954928,0.0
1387,2013-10-19,0.0,-0.0772
1388,2013-10-20,0.0,0.0
1389,2013-10-21,0.01880240409586697,0.0
1390,2013-10-22,-0.012421374574412895,0.0
1391,2013-10-23,0.01151611817556602,-0.6597
1392,2013-10-24,0.013148949096642694,0.0
1393,2013-10-25,-0.01007689888796773,0.0
1394,2013-10-26,0.0,0.0
1395,2013-10-27,0.0,0.0
1396,2013-10-28,0.0016077862792666596,0.0
1397,2013-10-29,-0.03653666411759706,0.0
1398,2013-10-30,0.010615121430555746,0.5267
1399,2013-10-31,-0.004386406454489129,0.0
1400,2013-11-01,-0.008298214363296596,0.0
1401,2013-11-02,0.0,0.0
1402,2013-11-03,0.0,0.0
1403,2013-11-04,0.010857525941471444,0.0
1404,2013-11-05,0.0017084117561895064,0.0
1405,2013-11-06,-0.006179775280898906,0.0
1406,2013-11-07,-0.013659614043245723,0.0
1407,2013-11-08,0.011606068609325892,0.0
1408,2013-11-09,0.0,0.0
1409,2013-11-10,0.0,0.0
1410,2013-11-11,-0.0018730126464653039,0.0
1411,2013-11-12,0.004579796388670214,0.0
1412,2013-11-13,0.004794171220400634,0.0
1413,2013-11-14,0.010268185953814806,0.0
1414,2013-11-15,-0.003025393229428022,0.0
1415,2013-11-16,0.0,0.0
1416,2013-11-17,0.0,0.0
1417,2013-11-18,-0.012095150434332309,0.0
1418,2013-11-19,0.0010328624838160335,0.0
1419,2013-11-20,-0.00808515588645878,-0.7579
1420,2013-11-21,0.006841521764500064,0.0
1421,2013-11-22,0.0005813277525867928,0.0
1422,2013-11-23,0.0,0.0
1423,2013-11-24,0.0,0.0
1424,2013-11-25,0.00523150496340851,0.0
1425,2013-11-26,0.017792825241319688,0.0
1426,2013-11-27,0.018005969140669143,0.0
1427,2013-11-28,0.0,0.0
1428,2013-11-29,0.012037266056558726,0.0
1429,2013-11-30,0.0,0.0
1430,2013-12-01,0.0,0.0
1431,2013-12-02,-0.01212383632820958,0.0
1432,2013-12-03,0.014348502265197204,0.0
1433,2013-12-04,-0.0008945379778102149,0.0
1434,2013-12-05,-0.008293229613026445,0.0
1435,2013-12-06,-0.010195230660421365,0.5719
1436,2013-12-07,0.0,0.0
1437,2013-12-08,0.0,0.0
1438,2013-12-09,0.00982648844378023,0.0
1439,2013-12-10,0.003483200257221011,0.0
1440,2013-12-11,-0.009960451149846264,-0.0516
1441,2013-12-12,-0.002994775928985041,0.0
1442,2013-12-13,-0.014943592632835527,0.0
1443,2013-12-14,0.0,0.0
1444,2013-12-15,0.0,0.0
1445,2013-12-16,0.0044483743708338755,0.0
1446,2013-12-17,-0.0014671122340857705,0.0
1447,2013-12-18,0.001977913301467027,0.0
1448,2013-12-19,-0.008906114707458819,0.0
1449,2013-12-20,0.0066031728453169215,0.2732
1450,2013-12-21,0.0,0.0
1451,2013-12-22,0.0,0.0
1452,2013-12-23,0.00365545659976062,0.0
1453,2013-12-24,-0.003881822999470143,0.0
1454,2013-12-25,0.0,0.0
1455,2013-12-26,-0.007402780362031872,0.0
1456,2013-12-27,-0.006601941747572749,0.3612
1457,2013-12-28,0.0,0.0
1458,2013-12-29,0.0,0.0
1459,2013-12-30,-0.005241629645682096,0.0
1460,2013-12-31,0.01233003624076952,0.4215
1461,2014-01-01,0.0,0.0
1462,2014-01-02,-0.0045790532094136,0.0
1463,2014-01-03,-0.02150934119960653,0.0
1464,2014-01-04,0.0,0.0
1465,2014-01-05,0.0,0.0
1466,2014-01-06,0.012081875781458529,0.0
1467,2014-01-07,-0.007851079176607505,0.0
1468,2014-01-08,0.008631924106329606,0.0
1469,2014-01-09,-0.018806699714171426,0.0
1470,2014-01-10,-0.012755958375293808,0.0
1471,2014-01-11,0.0,0.0
1472,2014-01-12,0.0,0.0
1473,2014-01-13,0.010928105320149258,0.0
1474,2014-01-14,0.015178721732787271,0.0
1475,2014-01-15,0.006943118264902473,0.0
1476,2014-01-16,-0.0011701635507660288,0.0
1477,2014-01-17,-0.01960542708889531,0.0
1478,2014-01-18,0.0,0.0
1479,2014-01-19,0.0,0.0
1480,2014-01-20,0.0,0.0
1481,2014-01-21,0.015131422828347731,0.0
1482,2014-01-22,0.001096431116715069,0.0
1483,2014-01-23,0.01134039018630632,0.0
1484,2014-01-24,-0.014310246136233506,0.0
1485,2014-01-25,0.0,0.0
1486,2014-01-26,0.0,0.0
1487,2014-01-27,5.486441631125802e-05,0.0
1488,2014-01-28,-0.004392994953992168,0.6369
1489,2014-01-29,-0.006516072980017198,0.0
1490,2014-01-30,-0.005513656440611827,0.0
1491,2014-01-31,0.010793834707971862,0.0
1492,2014-02-01,0.0,0.0
1493,2014-02-02,0.0,0.0
1494,2014-02-03,-0.0021781583295778285,0.0
1495,2014-02-04,0.005791390530777822,0.0
1496,2014-02-05,0.011939542093965949,0.0
1497,2014-02-06,0.004797009961888689,0.0
1498,2014-02-07,-0.002736569206395102,0.0
1499,2014-02-08,0.0,0.0
1500,2014-02-09,0.0,0.0
1501,2014-02-10,0.021152982425638688,0.0
1502,2014-02-11,0.01008529357681364,0.0
1503,2014-02-12,-0.0019010078137011738,0.0
1504,2014-02-13,0.018262724950167075,0.0
1505,2014-02-14,0.0027947259923354283,0.0
1506,2014-02-15,0.0,0.0
1507,2014-02-16,0.0,-0.296
1508,2014-02-17,0.0,0.0
1509,2014-02-18,0.00019248484181864887,0.0
1510,2014-02-19,-0.013516120143290284,0.1779
1511,2014-02-20,-0.003070941567588938,0.0
1512,2014-02-21,-0.013796116231222332,0.0
1513,2014-02-22,0.0,0.0
1514,2014-02-23,0.0,0.0
1515,2014-02-24,0.008436033916299534,0.0
1516,2014-02-25,-0.01389302371737626,0.0
1517,2014-02-26,-0.013439244310863132,0.0
1518,2014-02-27,0.02036225363559847,0.0
1519,2014-02-28,-0.005362234548111162,0.0
1520,2014-03-01,0.0,0.0
1521,2014-03-02,0.0,0.0
1522,2014-03-03,0.009112696066472322,0.0
1523,2014-03-04,0.0004381625441696949,0.0
1524,2014-03-05,0.002728377958098869,0.0
1525,2014-03-06,-0.0038035669005155376,0.0
1526,2014-03-07,-0.0023433088650481513,0.0
1527,2014-03-08,0.0,0.0
1528,2014-03-09,0.0,0.0
1529,2014-03-10,0.004815409309791313,0.0
1530,2014-03-11,0.0011633774388876206,0.0
1531,2014-03-12,0.003917658953044208,0.0
1532,2014-03-13,-0.012638252709194518,0.0
1533,2014-03-14,-0.007735653556271581,0.4404
1534,2014-03-15,0.0,0.0
1535,2014-03-16,0.0,0.0
1536,2014-03-17,-0.0009395151532404488,0.0
1537,2014-03-18,0.010475538048752564,0.0
1538,2014-03-19,-0.0018895061902480968,0.0
1539,2014-03-20,-0.002478156817763589,0.0
1540,2014-03-21,0.0017495837683778176,0.0
1541,2014-03-22,0.0,0.0
1542,2014-03-23,0.0,0.0
1543,2014-03-24,0.001407822474979776,0.0
1544,2014-03-25,0.006417275360711775,0.0
1545,2014-03-26,-0.012332454405625085,0.0
1546,2014-03-27,-0.004476387749711575,0.0
1547,2014-03-28,-0.002676965548011001,0.0
1548,2014-03-29,0.0,0.0
1549,2014-03-30,0.0,0.0
1550,2014-03-31,-0.004648767519868456,0.0
1551,2014-04-01,0.007243646108110447,0.0
1552,2014-04-02,0.00033210638474525934,0.0
1553,2014-04-03,-0.0047966949939695245,0.0
1554,2014-04-04,-0.015122452950824143,0.0
1555,2014-04-05,0.0,0.0
1556,2014-04-06,0.0,0.0
1557,2014-04-07,-0.00907863891454139,0.0
1558,2014-04-08,-0.003344051446945261,0.0
1559,2014-04-09,0.01492408681538088,0.3182
1560,2014-04-10,-0.013577156434299204,0.0
1561,2014-04-11,0.000563648976760546,0.0
1562,2014-04-12,0.0,0.0
1563,2014-04-13,0.0,0.0
1564,2014-04-14,-0.00023014628673358184,0.0
1565,2014-04-15,-0.004443226243886852,0.0
1566,2014-04-16,0.0018399663880157274,0.0
1567,2014-04-17,0.009205817846011644,0.0
1568,2014-04-18,0.0,0.0
1569,2014-04-19,0.0,0.0
1570,2014-04-20,0.0,0.0
1571,2014-04-21,0.011115079648546205,0.0
1572,2014-04-22,0.006378475132470531,0.0
1573,2014-04-23,-0.00818509376684538,0.0
1574,2014-04-24,-0.000779320274215033,0.0
1575,2014-04-25,0.013095269749262136,0.0
1576,2014-04-26,0.0,0.0
1577,2014-04-27,0.0,0.0
1578,2014-04-28,0.037146713138274785,0.0
1579,2014-04-29,-0.00236385700561255,0.0
1580,2014-04-30,-0.004305923177264589,0.0
1581,2014-05-01,-0.0009001356542464591,0.0
1582,2014-05-02,0.00012667528058581132,0.0
1583,2014-05-03,0.0,0.0
1584,2014-05-04,0.0,0.0
1585,2014-05-05,0.018327037786002292,0.0
1586,2014-05-06,-0.01228439943628948,0.0
1587,2014-05-07,-0.004854613774493618,0.0
1588,2014-05-08,-0.0004567658440652333,0.0
1589,2014-05-09,0.0017620920373868816,0.0
1590,2014-05-10,0.0,0.0
1591,2014-05-11,0.0,0.0
1592,2014-05-12,0.009096337326743916,0.0
1593,2014-05-13,0.003000693437559094,0.0
1594,2014-05-14,0.002444094488189009,0.4019
1595,2014-05-15,-0.009902108433734956,0.0
1596,2014-05-16,0.01508888494408234,0.0
1597,2014-05-17,0.0,0.0
1598,2014-05-18,0.0,0.0
1599,2014-05-19,0.011310861423221049,0.0
1600,2014-05-20,0.000296310928934598,0.0
1601,2014-05-21,0.004140914709517845,0.0
1602,2014-05-22,0.001119683043569131,0.0
1603,2014-05-23,0.011332210764370923,0.0
1604,2014-05-24,0.0,0.0
1605,2014-05-25,0.0,0.0
1606,2014-05-26,0.0,0.0
1607,2014-05-27,0.01619649156836816,0.0
1608,2014-05-28,-0.003219114385864464,0.0
1609,2014-05-29,0.011994626787603406,-0.296
1610,2014-05-30,-0.007779779592409815,0.0
1611,2014-05-31,0.0,0.0
1612,2014-06-01,0.0,0.0
1613,2014-06-02,-0.008370713099989387,0.0
1614,2014-06-03,0.014429585995581922,0.0
1615,2014-06-04,0.011603807828764795,0.0
1616,2014-06-05,0.0017902931460648335,0.0
1617,2014-06-06,-0.0066724088429515145,-0.0258
1618,2014-06-07,0.0,0.0
1619,2014-06-08,0.0,0.0
1620,2014-06-09,0.01082380547056526,0.0
1621,2014-06-10,-0.005087454696891389,0.0
1622,2014-06-11,-0.0028544890238101713,0.0
1623,2014-06-12,-0.01851704861150479,0.0
1624,2014-06-13,-0.010003122361893413,0.0
1625,2014-06-14,0.0,0.0
1626,2014-06-15,0.0,0.0
1627,2014-06-16,0.0075619873228933735,0.0
1628,2014-06-17,-0.0024949753967704875,0.0
1629,2014-06-18,-0.0009591273097058207,0.0
1630,2014-06-19,-0.004679051712186179,0.0
1631,2014-06-20,-0.010227299110770591,0.0
1632,2014-06-21,0.0,0.0
1633,2014-06-22,0.0,0.0
1634,2014-06-23,-0.005370945519930804,0.0
1635,2014-06-24,-0.0051930962367675105,0.0
1636,2014-06-25,0.0016310514372165688,0.4767
1637,2014-06-26,0.005840294492425369,0.0
1638,2014-06-27,0.012785141528816449,0.0
1639,2014-06-28,0.0,0.0
1640,2014-06-29,0.0,0.0
1641,2014-06-30,0.00903018164557696,0.0
1642,2014-07-01,0.0,0.0
1643,2014-07-02,-0.0040781551743723134,0.0
1644,2014-07-03,0.0038474234783894756,0.0
1645,2014-07-04,0.0,0.0
1646,2014-07-05,0.0,0.0
1647,2014-07-06,0.0,0.0
1648,2014-07-07,0.019412857337018058,0.0
1649,2014-07-08,-0.009558090596965328,0.0
1650,2014-07-09,-0.0005250868627735427,0.0
1651,2014-07-10,0.013692242957706524,0.0
1652,2014-07-11,-0.001475915738628796,0.0
1653,2014-07-12,0.0,0.0
1654,2014-07-13,0.0,0.0
1655,2014-07-14,0.006150937100272479,0.0
1656,2014-07-15,-0.015266839235556488,0.0
1657,2014-07-16,-0.022488343450338715,0.0
1658,2014-07-17,-0.02042029912372241,0.0
1659,2014-07-18,0.008655642111976572,0.0
1660,2014-07-19,0.0,0.0
1661,2014-07-20,0.0,0.0
1662,2014-07-21,-0.011067584101292013,0.0
1663,2014-07-22,0.0004391990810605609,0.0
1664,2014-07-23,0.018560733042798254,0.0
1665,2014-07-24,-9.888914526815812e-05,0.0
1666,2014-07-25,0.008466179320063317,0.0
1667,2014-07-26,0.0,0.0
1668,2014-07-27,0.0,0.0
1669,2014-07-28,0.012295484025680994,0.6249
1670,2014-07-29,-0.0095750276409148,0.0
1671,2014-07-30,-0.0029461461808412913,0.0
1672,2014-07-31,-0.016055045871559568,0.0
1673,2014-08-01,0.012965709406318778,-0.6597
1674,2014-08-02,0.0,-0.5423
1675,2014-08-03,0.0,0.0
1676,2014-08-04,-0.008076829457192847,0.0
1677,2014-08-05,-0.002526946643409961,0.0
1678,2014-08-06,0.002216920618486963,0.0
1679,2014-08-07,-0.004738806804211195,0.0
1680,2014-08-08,0.00506500084416684,0.0
1681,2014-08-09,0.0,0.0
1682,2014-08-10,0.0,0.0
1683,2014-08-11,0.0075392273683973655,0.0
1684,2014-08-12,-0.0007401433889728916,0.0
1685,2014-08-13,0.01135460805084742,0.4215
1686,2014-08-14,0.0017768572518667542,0.0
1687,2014-08-15,0.0008236428857845027,0.0
1688,2014-08-16,0.0,0.0
1689,2014-08-17,0.0,0.0
1690,2014-08-18,0.006797298316295206,-0.4019
1691,2014-08-19,0.0113556319238405,0.0
1692,2014-08-20,0.001193430849659242,0.0
1693,2014-08-21,8.438996603314182e-05,0.0
1694,2014-08-22,0.010187349913783157,0.3612
1695,2014-08-23,0.0,0.0
1696,2014-08-24,0.0,0.0
1697,2014-08-25,-0.0026470189772504252,0.0
1698,2014-08-26,-0.0051786368153998045,0.0
1699,2014-08-27,0.011165614528954095,-0.1779
1700,2014-08-28,0.006496083550913985,0.0
1701,2014-08-29,-0.003064699205448324,0.0
1702,2014-08-30,0.0,0.0
1703,2014-08-31,0.0,0.0
1704,2014-09-01,0.0,0.0
1705,2014-09-02,0.002192621263279485,0.0
1706,2014-09-03,-0.04031984193140063,0.0
1707,2014-09-04,-0.007395004883493716,0.0
1708,2014-09-05,0.0017396533579602856,0.0
1709,2014-09-06,0.0,0.0
1710,2014-09-07,0.0,0.0
1711,2014-09-08,-0.00947720449178877,0.0
1712,2014-09-09,-0.01098677517802656,0.0
1713,2014-09-10,0.030375197557860226,0.0
1714,2014-09-11,0.01003750858471132,0.0
1715,2014-09-12,0.004497562509828462,0.0
1716,2014-09-13,0.0,0.0
1717,2014-09-14,0.0,0.0
1718,2014-09-15,-0.011577752553916005,0.0772
1719,2014-09-16,0.010577791952373407,0.0
1720,2014-09-17,0.0031118049516465018,0.0
1721,2014-09-18,-0.001997295329241728,0.0
1722,2014-09-19,-0.01259832714140442,0.0
1723,2014-09-20,0.0,0.0
1724,2014-09-21,0.0,0.0
1725,2014-09-22,-0.007337384180849923,-0.34
1726,2014-09-23,0.02030055365146319,0.0
1727,2014-09-24,-0.004122747806220527,0.0
1728,2014-09-25,-0.02636634227692053,0.0
1729,2014-09-26,0.022590961461844247,0.0
1730,2014-09-27,0.0,0.0
1731,2014-09-28,0.0,0.0
1732,2014-09-29,0.014798404009335091,0.0
1733,2014-09-30,-0.00047362438428816885,0.0
1734,2014-10-01,-0.014058956916099609,0.0
1735,2014-10-02,0.006359283485101096,0.0
1736,2014-10-03,0.0018244670635683426,0.0
1737,2014-10-04,0.0,0.0
1738,2014-10-05,0.0,0.0
1739,2014-10-06,-0.0033117854982007834,0.0
1740,2014-10-07,-0.006850411344793474,0.0
1741,2014-10-08,0.020605044905676658,0.3612
1742,2014-10-09,-0.005224496619750689,0.0
1743,2014-10-10,0.0004003624333608416,0.0
1744,2014-10-11,0.0,0.0
1745,2014-10-12,0.0,0.0
1746,2014-10-13,-0.014942095453498425,0.0
1747,2014-10-14,-0.016390843954092973,0.0
1748,2014-10-15,-0.0043751353692873755,0.0
1749,2014-10-16,0.007439567394707933,0.0
1750,2014-10-17,0.0017301791116238225,-0.5423
1751,2014-10-18,0.0,0.0
1752,2014-10-19,0.0,0.0
1753,2014-10-20,0.014139954268950263,0.0
1754,2014-10-21,-0.005355083209754449,0.0
1755,2014-10-22,0.0014957705797400045,0.0
1756,2014-10-23,0.007176204358728604,0.0
1757,2014-10-24,0.00030259322392908364,0.4215
1758,2014-10-25,0.0,0.2023
1759,2014-10-26,0.0,0.0
1760,2014-10-27,0.0025094610729968878,0.0
1761,2014-10-28,0.012653131071137424,0.0
1762,2014-10-29,0.00656585754078801,0.0
1763,2014-10-30,0.00019841269841265892,0.0
1764,2014-10-31,-9.823182711189494e-05,0.0
1765,2014-11-01,0.0,0.0
1766,2014-11-02,0.0,0.0
1767,2014-11-03,0.010783256543476071,0.0
1768,2014-11-04,-0.006985543805180934,0.0
1769,2014-11-05,-0.002139869662484183,-0.128
1770,2014-11-06,0.0016551455554473927,0.0
1771,2014-11-07,0.00242883513067133,0.1531
1772,2014-11-08,0.0,0.0
1773,2014-11-09,0.0,0.0
1774,2014-11-10,-0.0017443550731659331,0.0
1775,2014-11-11,0.009427543979006695,0.0
1776,2014-11-12,0.016900048285852242,-0.6486
1777,2014-11-13,0.00916477702191987,0.0
1778,2014-11-14,0.009150326797385658,0.2263
1779,2014-11-15,0.0,0.0
1780,2014-11-16,0.0,0.0
1781,2014-11-17,-0.0024036239253028115,0.0258
1782,2014-11-18,0.013536065269794121,0.0
1783,2014-11-19,-0.006862475981334065,0.0
1784,2014-11-20,0.012134583563154928,0.0
1785,2014-11-21,-0.008810572687224705,-0.2263
1786,2014-11-22,0.0,0.0
1787,2014-11-23,0.0,0.0
1788,2014-11-24,0.015095362921449891,0.0
1789,2014-11-25,-0.012507761908986169,0.0
1790,2014-11-26,0.00913651021139373,-0.6705
1791,2014-11-27,0.0,0.0
1792,2014-11-28,-0.002745549552741141,0.0
1793,2014-11-29,0.0,0.0
1794,2014-11-30,0.0,0.0
1795,2014-12-01,-0.03138614741708901,0.0
1796,2014-12-02,0.00995904690990327,-0.6249
1797,2014-12-03,0.0014602537190837894,0.5719
1798,2014-12-04,-0.0021901806899068707,0.0
1799,2014-12-05,-0.008379633846434116,0.0
1800,2014-12-06,0.0,0.0
1801,2014-12-07,0.0,0.0
1802,2014-12-08,-0.014907407407407404,0.5574
1803,2014-12-09,0.035467791411042976,0.0
1804,2014-12-10,-0.021329639889196696,0.0
1805,2014-12-11,-0.005645996047802714,0.0
1806,2014-12-12,-0.006502821076790596,0.0
1807,2014-12-13,0.0,0.0
1808,2014-12-14,0.0,0.0
1809,2014-12-15,-0.022239190607998456,0.0
1810,2014-12-16,0.0036750099324591814,0.0
1811,2014-12-17,0.02129757444291064,0.0
1812,2014-12-18,0.006892644698328808,0.0
1813,2014-12-19,-0.004234497035852102,0.0
1814,2014-12-20,0.0,-0.4939
1815,2014-12-21,0.0,0.0
1816,2014-12-22,0.0069692974194763115,0.0
1817,2014-12-23,-0.005971820472147061,0.0
1818,2014-12-24,-0.004973257014168968,0.0
1819,2014-12-25,0.0,0.0
1820,2014-12-26,0.016771883539055885,0.4215
1821,2014-12-27,0.0,0.0
1822,2014-12-28,0.0,0.0
1823,2014-12-29,0.0011139992573338706,0.0516
1824,2014-12-30,-0.00985404852654075,0.0
1825,2014-12-31,-0.02172081265799089,0.0
1826,2015-01-01,0.0,0.0
1827,2015-01-02,-0.018399089529590268,0.0
1828,2015-01-03,0.0,0.0
1829,2015-01-04,0.0,0.0
1830,2015-01-05,-0.018827431470100544,0.0
1831,2015-01-06,-0.0037634941071604975,0.5859
1832,2015-01-07,0.005123657503202387,0.0
1833,2015-01-08,0.02446808510638299,0.0
1834,2015-01-09,-0.005812863303956407,0.0
1835,2015-01-10,0.0,0.0
1836,2015-01-11,0.0,0.0
1837,2015-01-12,-0.029740125715357932,0.0
1838,2015-01-13,-0.010712931361395615,0.0
1839,2015-01-14,0.0071698478829571675,0.0
1840,2015-01-15,-0.028999423852506208,0.0
1841,2015-01-16,-0.009967433139248052,0.0
1842,2015-01-17,0.0,0.0
1843,2015-01-18,0.0,0.0
1844,2015-01-19,0.0,0.0
1845,2015-01-20,0.00783545543584732,0.0
1846,2015-01-21,0.00572093474255797,0.0
1847,2015-01-22,0.019061302681992288,0.0
1848,2015-01-23,0.005924950625411412,0.0
1849,2015-01-24,0.0,0.0
1850,2015-01-25,0.0,0.0
1851,2015-01-26,-0.00566545927370669,0.0
1852,2015-01-27,-0.029132600319518788,0.0
1853,2015-01-28,-0.019579665888270224,0.0
1854,2015-01-29,0.02234129506856774,0.1139
1855,2015-01-30,-0.010438972162740914,0.0
1856,2015-01-31,0.0,0.0
1857,2015-02-01,0.0,0.0
1858,2015-02-02,0.004921700223713621,0.0
1859,2015-02-03,0.0013372559507889052,-0.4019
1860,2015-02-04,0.00891503967192654,-0.1779
1861,2015-02-05,-0.0006137120813607521,0.0
1862,2015-02-06,-0.009118008065930269,0.0
1863,2015-02-07,0.0,0.0
1864,2015-02-08,0.0,0.0
1865,2015-02-09,0.009673411430599832,0.0
1866,2015-02-10,0.015322651256457404,0.0
1867,2015-02-11,0.017142367360932543,0.0
1868,2015-02-12,0.003255425709515865,0.0
1869,2015-02-13,-0.001570767195767177,0.0
1870,2015-02-14,0.0,0.0
1871,2015-02-15,0.0,0.0
1872,2015-02-16,0.0,0.0
1873,2015-02-17,0.002723671178606787,-0.6597
1874,2015-02-18,0.008326463314097322,0.0
1875,2015-02-19,-0.00024570024570025496,0.0
1876,2015-02-20,0.006954671903125465,0.0
1877,2015-02-21,0.0,0.0
1878,2015-02-22,0.0,0.0
1879,2015-02-23,0.022736467351727505,0.0
1880,2015-02-24,-0.005778059205319012,0.0
1881,2015-02-25,-0.021194913220827047,0.0
1882,2015-02-26,0.012665468213760512,0.0
1883,2015-02-27,-0.012057942866391478,0.0
1884,2015-02-28,0.0,0.0
1885,2015-03-01,0.0,0.0
1886,2015-03-02,-0.001302613368069662,0.0
1887,2015-03-03,0.003182374541003677,0.0
1888,2015-03-04,-0.004238669709814235,0.0
1889,2015-03-05,-0.016777150339634967,0.0
1890,2015-03-06,-0.01393214227175875,0.0
1891,2015-03-07,0.0,0.0
1892,2015-03-08,0.0,-0.6369
1893,2015-03-09,-0.006577865482650973,-0.2732
1894,2015-03-10,-0.015148992841684762,0.0
1895,2015-03-11,-0.019994937990382218,0.0
1896,2015-03-12,0.0048180332100146465,0.0
1897,2015-03-13,-0.0063441042124851976,0.0
1898,2015-03-14,0.0,0.0
1899,2015-03-15,0.0,0.0
1900,2015-03-16,0.00857895183895346,0.0
1901,2015-03-17,0.008857691986295666,-0.1027
1902,2015-03-18,0.011599966857237598,-0.128
1903,2015-03-19,-0.009644462607274154,0.0
1904,2015-03-20,-0.01837421048314326,0.0
1905,2015-03-21,0.0,0.0
1906,2015-03-22,0.0,0.0
1907,2015-03-23,0.0007450331125828098,0.0
1908,2015-03-24,-0.004218013398395426,0.0
1909,2015-03-25,-0.02486279727257616,0.0
1910,2015-03-26,0.012086404937424966,-0.5574
1911,2015-03-27,-0.010725445486023107,0.0
1912,2015-03-28,0.0,0.0
1913,2015-03-29,0.0,0.0
1914,2015-03-30,0.018746288913393788,-0.4215
1915,2015-03-31,-0.013268797463072714,0.0
1916,2015-04-01,-0.004552352048558474,-0.3182
1917,2015-04-02,0.0023565056387813595,0.0
1918,2015-04-03,0.0,0.0
1919,2015-04-04,0.0,-0.3089
1920,2015-04-05,0.0,0.0
1921,2015-04-06,0.02316537030774429,0.0
1922,2015-04-07,-0.012777182425191632,0.0
1923,2015-04-08,-0.0020899515131248955,0.3818
1924,2015-04-09,0.005517471994649695,0.6369
1925,2015-04-10,0.009022556390977429,0.0
1926,2015-04-11,0.0,0.0
1927,2015-04-12,0.0,0.0
1928,2015-04-13,-0.011886220181982037,0.0
1929,2015-04-14,-0.0054685558041262464,-0.3818
1930,2015-04-15,0.0028300316297653018,0.0
1931,2015-04-16,-0.0008332638946755148,0.0
1932,2015-04-17,-0.0064532349983238025,0.0
1933,2015-04-18,0.0,0.0
1934,2015-04-19,0.0,0.0
1935,2015-04-20,0.01634260811263831,0.0
1936,2015-04-21,-0.009445585215605795,0.0
1937,2015-04-22,0.01267710663683819,0.0
1938,2015-04-23,0.01066098081023452,0.0
1939,2015-04-24,-0.0013710783127671724,0.0
1940,2015-04-25,0.0,0.0
1941,2015-04-26,0.0,0.0
1942,2015-04-27,0.002544933990774673,0.0
1943,2015-04-28,-0.029112537173266544,0.0
1944,2015-04-29,-0.011962495958616265,0.0
1945,2015-04-30,-0.01840389535363542,0.0
1946,2015-05-01,0.022530040053404563,0.0
1947,2015-05-02,0.0,0.0
1948,2015-05-03,0.0,0.0
1949,2015-05-04,-0.006256601933858748,0.0
1950,2015-05-05,-0.01822809754495453,0.0
1951,2015-05-06,-0.012304622547389458,0.0
1952,2015-05-07,0.004031242126480255,0.0
1953,2015-05-08,0.007444784514848256,0.0
1954,2015-05-09,0.0,0.0
1955,2015-05-10,0.0,0.0
1956,2015-05-11,-0.008554038493173153,-0.4215
1957,2015-05-12,0.002169197396963166,0.0
1958,2015-05-13,-0.0010798239056399655,0.0
1959,2015-05-14,0.012088815789473677,0.5106
1960,2015-05-15,-0.002354278291930559,0.0
1961,2015-05-16,0.0,0.0
1962,2015-05-17,0.0,0.0
1963,2015-05-18,0.014039670231001541,0.0
1964,2015-05-19,-0.004890955740859521,-0.4767
1965,2015-05-20,0.00048371493066743027,0.0
1966,2015-05-21,0.010474579002497762,0.0
1967,2015-05-22,0.007085987261146501,0.0
1968,2015-05-23,0.0,0.0
1969,2015-05-24,0.0,0.0
1970,2015-05-25,0.0,0.0
1971,2015-05-26,-0.022285443338074973,0.0
1972,2015-05-27,0.013186459757176172,0.0
1973,2015-05-28,-0.0006357784312167076,0.0
1974,2015-05-29,-0.007504990019960063,0.0
1975,2015-05-30,0.0,0.0
1976,2015-05-31,0.0,0.0
1977,2015-06-01,-0.005190864079220617,0.0
1978,2015-06-02,0.0006455777921239371,0.0
1979,2015-06-03,-0.004250541342529482,0.0
1980,2015-06-04,-0.0016979301423027812,0.4588
1981,2015-06-05,-0.006956240394726195,0.0
1982,2015-06-06,0.0,0.0
1983,2015-06-07,0.0,0.0
1984,2015-06-08,-0.008535197528857074,0.0
1985,2015-06-09,0.005789430154660515,0.3818
1986,2015-06-10,0.007453517896633603,0.0
1987,2015-06-11,-0.004704355584394618,0.0
1988,2015-06-12,-0.0077665140614779984,0.0
1989,2015-06-13,0.0,0.0
1990,2015-06-14,0.0,0.0
1991,2015-06-15,0.006481635366461701,0.0
1992,2015-06-16,0.00461969971951825,-0.3412
1993,2015-06-17,-0.0032816473869883146,0.0
1994,2015-06-18,0.004941118339784191,0.0
1995,2015-06-19,-0.009104330708661413,0.0
1996,2015-06-20,0.0,0.0
1997,2015-06-21,0.0,0.0
1998,2015-06-22,0.0008218277449046213,0.0
1999,2015-06-23,-0.0036163392783759157,0.0
2000,2015-06-24,0.0069187052137386,0.0
2001,2015-06-25,-0.01048951048951054,0.1406
2002,2015-06-26,-0.00722258699934348,0.5859
2003,2015-06-27,0.0,0.0
2004,2015-06-28,0.0,0.0
2005,2015-06-29,-0.00743339179821265,0.0
2006,2015-06-30,-0.0010848702328298042,0.0
2007,2015-07-01,-0.002394715111478052,0.1779
2008,2015-07-02,8.288437629499301e-05,0.34
2009,2015-07-03,0.0,0.0
2010,2015-07-04,0.0,0.4215
2011,2015-07-05,0.0,0.0
2012,2015-07-06,0.008554893902541274,0.0
2013,2015-07-07,-0.0016645859342488789,0.0
2014,2015-07-08,-0.015321154979375431,0.4215
2015,2015-07-09,-0.03045942973178775,0.0
2016,2015-07-10,0.01099939847039616,0.0
2017,2015-07-11,0.0,0.0
2018,2015-07-12,0.0,0.0
2019,2015-07-13,0.005028494803888775,0.0
2020,2015-07-14,-0.00349156205835898,0.0
2021,2015-07-15,0.008668111351891916,0.0
2022,2015-07-16,0.0056585205838937,0.0
2023,2015-07-17,0.004302297264388352,0.5574
2024,2015-07-18,0.0,0.0
2025,2015-07-19,0.0,0.0
2026,2015-07-20,0.008320665653252311,0.5859
2027,2015-07-21,-0.015775358889414733,0.0
2028,2015-07-22,0.026541831300463867,0.5719
2029,2015-07-23,-0.008137507265631519,0.0
2030,2015-07-24,-0.0066884039796003434,0.0
2031,2015-07-25,0.0,0.0
2032,2015-07-26,0.0,0.0
2033,2015-07-27,-0.0026387470207695123,0.0
2034,2015-07-28,0.0,0.0
2035,2015-07-29,-0.0012761613067892267,0.0
2036,2015-07-30,0.00042833890173903165,0.0
2037,2015-07-31,-0.010598290598290554,0.0
2038,2015-08-01,0.0,0.0
2039,2015-08-02,0.0,0.0
2040,2015-08-03,-0.02526951272100049,0.0
2041,2015-08-04,-0.02364804568980908,0.0
2042,2015-08-05,0.021614100185528742,-0.7964
2043,2015-08-06,-0.007196186021408628,0.0
2044,2015-08-07,0.00819373634377268,-0.7351
2045,2015-08-08,0.0,0.0
2046,2015-08-09,0.0,0.0
2047,2015-08-10,0.027481872706114116,0.0
2048,2015-08-11,-0.03657132737093783,0.3612
2049,2015-08-12,0.024008157211716757,0.4404
2050,2015-08-13,-0.0077310320028766595,0.0
2051,2015-08-14,0.014326124646409281,0.0
2052,2015-08-15,0.0,0.0
2053,2015-08-16,0.0,0.0
2054,2015-08-17,0.009708737864077657,0.0
2055,2015-08-18,0.0006271839440910974,0.0
2056,2015-08-19,-0.00943396226415092,0.6486
2057,2015-08-20,-0.012709152418396274,0.0
2058,2015-08-21,-0.042221592519127216,0.3612
2059,2015-08-22,0.0,0.0
2060,2015-08-23,0.0,0.0
2061,2015-08-24,0.08693978976997857,-0.5994
2062,2015-08-25,-0.06626607830250672,0.0
2063,2015-08-26,0.024454403741231538,-0.34
2064,2015-08-27,0.006134399107723734,0.4588
2065,2015-08-28,0.009856797470708462,0.2732
2066,2015-08-29,0.0,0.0
2067,2015-08-30,0.0,0.0
2068,2015-08-31,0.0064245810055865715,-0.1531
2069,2015-09-01,-0.02215909090909081,0.0
2070,2015-09-02,0.01911430734292199,0.0
2071,2015-09-03,-0.01882418397626114,0.0
2072,2015-09-04,0.0025844740116779557,0.0
2073,2015-09-05,0.0,0.0
2074,2015-09-06,0.0,0.0
2075,2015-09-07,0.0,-0.296
2076,2015-09-08,0.005979631878912459,0.0
2077,2015-09-09,-0.03181443109929402,0.0
2078,2015-09-10,0.02080968596292095,0.0
2079,2015-09-11,0.021743187756625596,0.5994
2080,2015-09-12,0.0,0.0
2081,2015-09-13,0.0,0.0
2082,2015-09-14,-0.010916249105225472,0.0
2083,2015-09-15,0.0028789923526765016,0.0
2084,2015-09-16,0.0013460157932520251,0.0
2085,2015-09-17,-0.01497113997113994,0.1779
2086,2015-09-18,0.01106256391187145,0.0
2087,2015-09-19,0.0,0.0
2088,2015-09-20,0.0,0.0
2089,2015-09-21,0.013396953569462229,0.0
2090,2015-09-22,0.00018400956849752527,0.0
2091,2015-09-23,0.00596658711217189,0.0
2092,2015-09-24,0.015475313190862127,0.0
2093,2015-09-25,-0.0148718867586455,0.0
2094,2015-09-26,0.0,0.0
2095,2015-09-27,0.0,0.0
2096,2015-09-28,-0.012368300503893802,0.0
2097,2015-09-29,-0.03337647928994082,0.0
2098,2015-09-30,0.0011361484567315881,0.0
2099,2015-10-01,0.004590665646518783,0.0
2100,2015-10-02,0.02192177691936259,0.0
2101,2015-10-03,0.0,0.0
2102,2015-10-04,0.0,0.0
2103,2015-10-05,0.008259755055539775,0.0
2104,2015-10-06,0.006128606449179629,0.0
2105,2015-10-07,-0.008495938754551364,0.0
2106,2015-10-08,-0.00643695569859908,-0.5994
2107,2015-10-09,0.01934566145092453,-0.4767
2108,2015-10-10,0.0,-0.34
2109,2015-10-11,0.0,0.0
2110,2015-10-12,-0.009901906348325072,0.0
2111,2015-10-13,0.008659638554216883,0.0
2112,2015-10-14,-0.009654138157278109,-0.25
2113,2015-10-15,0.0082745651151858,0.0
2114,2015-10-16,-0.006626224918338851,0.0
2115,2015-10-17,0.0,0.0
2116,2015-10-18,0.0,0.0
2117,2015-10-19,0.008284692148371263,0.0
2118,2015-10-20,0.0219224283305228,0.0
2119,2015-10-21,-0.002104300091491345,0.0
2120,2015-10-22,0.010218978102189823,0.0
2121,2015-10-23,0.02047018861178146,0.0
2122,2015-10-24,0.0,-0.2732
2123,2015-10-25,0.0,0.0
2124,2015-10-26,-0.023677003268839942,0.4215
2125,2015-10-27,-0.007322364852648726,0.0
2126,2015-10-28,0.019982158786797585,0.0
2127,2015-10-29,0.01537920731171456,-0.6486
2128,2015-10-30,-0.012158316806070506,0.0
2129,2015-10-31,0.0,0.0
2130,2015-11-01,0.0,0.0
2131,2015-11-02,0.010790114862513007,0.0
2132,2015-11-03,0.014766839378238413,0.0
2133,2015-11-04,-0.00923415791257204,0.0
2134,2015-11-05,-0.007671326287078005,0.0
2135,2015-11-06,-0.0003430531732417842,0.0
2136,2015-11-07,0.0,0.0
2137,2015-11-08,0.0,0.0
2138,2015-11-09,-0.0033487892838742965,0.0
2139,2015-11-10,-0.0011549395877753685,0.0
2140,2015-11-11,-0.0022313459478757584,0.0
2141,2015-11-12,-0.00464576074332181,0.0
2142,2015-11-13,-0.024885041925885767,0.0
2143,2015-11-14,0.0,0.0
2144,2015-11-15,0.0,0.0
2145,2015-11-16,0.025086263172619583,0.0
2146,2015-11-17,-0.010575793184488851,0.4404
2147,2015-11-18,0.01310004486316728,0.0
2148,2015-11-19,0.009801324503311254,0.0258
2149,2015-11-20,0.000784177049751707,0.0
2150,2015-11-21,0.0,0.0
2151,2015-11-22,0.0,0.0
2152,2015-11-23,-0.01288861795697992,0.0
2153,2015-11-24,0.013280212483399736,0.0
2154,2015-11-25,-0.010019167102282678,0.0
2155,2015-11-26,0.0,0.0
2156,2015-11-27,-0.004214593028360735,-0.296
2157,2015-11-28,0.0,0.0
2158,2015-11-29,0.0,0.0
2159,2015-11-30,0.002729113478299166,0.0
2160,2015-12-01,-0.012070322749934359,0.0
2161,2015-12-02,-0.006654835847382431,0.0
2162,2015-12-03,-0.01158542019427856,0.0
2163,2015-12-04,0.03243243243243238,0.0
2164,2015-12-05,0.0,0.0
2165,2015-12-06,0.0,0.0
2166,2015-12-07,-0.005848974247053704,0.0
2167,2015-12-08,0.00618757182003008,0.3612
2168,2015-12-09,-0.017130242825607045,0.0
2169,2015-12-10,0.001074113856068784,0.0
2170,2015-12-11,-0.01740306582506769,0.0
2171,2015-12-12,0.0,0.0
2172,2015-12-13,0.0,0.0
2173,2015-12-14,0.0027780350032411464,0.0
2174,2015-12-15,-0.013082204490629029,0.0
2175,2015-12-16,0.002337759491303535,-0.3818
2176,2015-12-17,-0.027260083449235032,0.0
2177,2015-12-18,-0.026230446394505908,0.0
2178,2015-12-19,0.0,0.0
2179,2015-12-20,0.0,0.0
2180,2015-12-21,0.0004841208365607781,0.5719
2181,2015-12-22,-0.0016441005802708096,0.0
2182,2015-12-23,0.01249152706497537,0.0
2183,2015-12-24,-0.008767749928523794,0.0
2184,2015-12-25,0.0,0.0
2185,2015-12-26,0.0,0.0
2186,2015-12-27,0.0,0.0
2187,2015-12-28,-0.00733661550342702,-0.25
2188,2015-12-29,0.016606778673400095,0.0
2189,2015-12-30,-0.011575624222711259,0.0
2190,2015-12-31,-0.01621044457386917,0.0
